current_tree,a37423639f7dabb0dfd55c8656d4689bb8a25351,.gitignore,0f9b9063ec002ba4f8aad33daf34bb162853dbdd,19,non_semantic_scaffold,CLASSIFIED_NON_SEMANTIC,,NONE,HISTORICAL_PROVENANCE_ONLY,,,,
current_tree,a37423639f7dabb0dfd55c8656d4689bb8a25351,README.md,bc4e5fa5dd2d168f8b5dd2ed3f005fc1512fa55a,1678,markdown_prose,UNREAD,,,,,,,
current_tree,a37423639f7dabb0dfd55c8656d4689bb8a25351,archive/india9-branch-only-semantic-2026-08-23/INDEX.md,3928cc635e2a9ac24c715e56c8bf670e0eb4fcfb,8610,markdown_prose,UNREAD,,,,,,,
current_tree,a37423639f7dabb0dfd55c8656d4689bb8a25351,archive/india9-branch-only-semantic-2026-08-23/agent__add-yogananda-location-atlas/india4/README.md,7e7bf13afc97359c354008638ae4e0e512003fa2,1617,markdown_prose,UNREAD,,,,,,,
current_tree,a37423639f7dabb0dfd55c8656d4689bb8a25351,archive/india9-branch-only-semantic-2026-08-23/agent__add-yogananda-location-atlas/india4/protocols/INDIA5-PROTOCOL.md,75db6184e8f28a7ef886db9e2c66881af8ac2b80,5820,markdown_prose,UNREAD,,,,,,,
current_tree,a37423639f7dabb0dfd55c8656d4689bb8a25351,archive/india9-branch-only-semantic-2026-08-23/agent__indiablauw-trip-ops-prep/runs/active/INDIABLAUW-TRIP-OPS-PREP-001/BOOKING_WINDOWS.md,b8c403138d83f8f9e0fe15fb460071bd1e4c18d5,4971,markdown_prose,UNREAD,,,,,,,
current_tree,a37423639f7dabb0dfd55c8656d4689bb8a25351,archive/india9-branch-only-semantic-2026-08-23/agent__indiablauw-trip-ops-prep/runs/active/INDIABLAUW-TRIP-OPS-PREP-001/CALENDAR_RISK.md,d14f6cf816707ded011d4c36e7125c995c52b17a,3726,markdown_prose,UNREAD,,,,,,,
current_tree,a37423639f7dabb0dfd55c8656d4689bb8a25351,archive/india9-branch-only-semantic-2026-08-23/agent__indiablauw-trip-ops-prep/runs/active/INDIABLAUW-TRIP-OPS-PREP-001/DEADLINE_BOARD.md,9a70ed964c63d3e170036dda412d0ef8c0297094,4655,markdown_prose,UNREAD,,,,,,,
current_tree,a37423639f7dabb0dfd55c8656d4689bb8a25351,archive/india9-branch-only-semantic-2026-08-23/agent__indiablauw-trip-ops-prep/runs/active/INDIABLAUW-TRIP-OPS-PREP-001/ENTRY_AND_ADMIN.md,8aab7c9ceadeddbda6bd43477452f40aadd9b333,4238,markdown_prose,UNREAD,,,,,,,
current_tree,a37423639f7dabb0dfd55c8656d4689bb8a25351,archive/india9-branch-only-semantic-2026-08-23/agent__indiablauw-trip-ops-prep/runs/active/INDIABLAUW-TRIP-OPS-PREP-001/STATUS.md,ccc7697e4af2c96039a9ecbef2104edcd438f71c,1187,markdown_prose,UNREAD,,,,,,,
current_tree,a37423639f7dabb0dfd55c8656d4689bb8a25351,archive/india9-branch-only-semantic-2026-08-23/agent__indiablauw-trip-ops-prep/runs/active/INDIABLAUW-TRIP-OPS-PREP-001/TASK.md,56c4a144c2ae476cabf8bba07df33414abc869e5,1917,markdown_prose,UNREAD,,,,,,,
current_tree,a37423639f7dabb0dfd55c8656d4689bb8a25351,archive/india9-branch-only-semantic-2026-08-23/agent__indiablauw-trip-ops-prep/runs/active/INDIABLAUW-TRIP-OPS-PREP-001/WINTER_ACCESS_RISK.md,56686f53cf58ef1dcd903c69927e757b3222430b,4396,markdown_prose,UNREAD,,,,,,,
current_tree,a37423639f7dabb0dfd55c8656d4689bb8a25351,archive/india9-branch-only-semantic-2026-08-23/agent__indiablauw-trip-ops-prep/runs/active/INDIABLAUW-VISA-READY-PACK-001/PHOTO_PASSPORT_SPEC.md,71239338567aba6ce68999f0770b204c19514e8c,3204,markdown_prose,UNREAD,,,,,,,
current_tree,a37423639f7dabb0dfd55c8656d4689bb8a25351,archive/india9-branch-only-semantic-2026-08-23/agent__indiablauw-trip-ops-prep/runs/active/INDIABLAUW-VISA-READY-PACK-001/STATUS.md,f5fc87840f40a2e347668b2bbb11036e79a320b6,1987,markdown_prose,UNREAD,,,,,,,
current_tree,a37423639f7dabb0dfd55c8656d4689bb8a25351,archive/india9-branch-only-semantic-2026-08-23/agent__indiablauw-trip-ops-prep/runs/active/INDIABLAUW-VISA-READY-PACK-001/TASK.md,b1e11287ce62e7f3a86d8c6e00336b6391201b17,1728,markdown_prose,UNREAD,,,,,,,
current_tree,a37423639f7dabb0dfd55c8656d4689bb8a25351,archive/india9-branch-only-semantic-2026-08-23/agent__indiablauw-trip-ops-prep/runs/active/INDIABLAUW-VISA-READY-PACK-001/VISA_APPLICATION_CHECKLIST.md,cc8b759c4f156eaeeb154670c08cfc411d496068,3937,markdown_prose,UNREAD,,,,,,,
current_tree,a37423639f7dabb0dfd55c8656d4689bb8a25351,archive/india9-branch-only-semantic-2026-08-23/agent__indiablauw-trip-ops-prep/runs/active/INDIABLAUW-VISA-READY-PACK-001/VISA_FORM_FIELD_PREP.md,901c52b4c4de618b496edd862df20116a4fe932b,7070,markdown_prose,UNREAD,,,,,,,
current_tree,a37423639f7dabb0dfd55c8656d4689bb8a25351,archive/india9-branch-only-semantic-2026-08-23/agent__indiablauw-trip-ops-prep/runs/active/INDIABLAUW-VISA-READY-PACK-001/VISA_READY_STATUS.md,719d366ee5502967c1f4485517be073b2ec6d23c,3130,markdown_prose,UNREAD,,,,,,,
current_tree,a37423639f7dabb0dfd55c8656d4689bb8a25351,archive/india9-branch-only-semantic-2026-08-23/agent__indiablauw-trip-ops-prep/runs/active/INDIABLAUW-VISA-READY-PACK-001/VISA_SCAM_GUARD.md,074026f219d010242c30037dbbb20ca51ba0873a,3160,markdown_prose,UNREAD,,,,,,,
current_tree,a37423639f7dabb0dfd55c8656d4689bb8a25351,archive/india9-branch-only-semantic-2026-08-23/agent__indiablauw-trip-ops-prep/runs/active/INDIABLAUW-VISA-READY-PACK-001/VISA_TIMING_RECOMMENDATION.md,11a1534ad1e6c72d98b0cbcc2728d6eac9b265b1,3255,markdown_prose,UNREAD,,,,,,,
current_tree,a37423639f7dabb0dfd55c8656d4689bb8a25351,archive/india9-branch-only-semantic-2026-08-23/agent__indiagoud-nonperson-anchor-audit/runs/active/INDIAGOUD-NONPERSON-ANCHOR-AUDIT-001/35_DAY_CAPACITY_IMPACT.md,307112f582ec76b316130b0f89f43b1ef1c4cfb5,6224,markdown_prose,UNREAD,,,,,,,
current_tree,a37423639f7dabb0dfd55c8656d4689bb8a25351,archive/india9-branch-only-semantic-2026-08-23/agent__indiagoud-nonperson-anchor-audit/runs/active/INDIAGOUD-NONPERSON-ANCHOR-AUDIT-001/BUDDHIST_SPINE_AUDIT.md,65ed4541f01c1a82fb34280bfdd08fc9540ca85b,5623,markdown_prose,UNREAD,,,,,,,
current_tree,a37423639f7dabb0dfd55c8656d4689bb8a25351,archive/india9-branch-only-semantic-2026-08-23/agent__indiagoud-nonperson-anchor-audit/runs/active/INDIAGOUD-NONPERSON-ANCHOR-AUDIT-001/MASTER_CLUSTER_UNION_INPUT.md,a56f37f0c46aa15b0f262c01522e9b58155ad2c8,8024,markdown_prose,UNREAD,,,,,,,
current_tree,a37423639f7dabb0dfd55c8656d4689bb8a25351,archive/india9-branch-only-semantic-2026-08-23/agent__indiagoud-nonperson-anchor-audit/runs/active/INDIAGOUD-NONPERSON-ANCHOR-AUDIT-001/MISSING_FROM_PERSON_HEATMAP.md,b5849ce968447b6bdd2bfe3b3a10d6d5cac728fb,5348,markdown_prose,UNREAD,,,,,,,
current_tree,a37423639f7dabb0dfd55c8656d4689bb8a25351,archive/india9-branch-only-semantic-2026-08-23/agent__indiagoud-nonperson-anchor-audit/runs/active/INDIAGOUD-NONPERSON-ANCHOR-AUDIT-001/NONPERSON_ANCHOR_INVENTORY.md,4eef77dec3c2f68755da98c054f30794737ff6d6,5766,markdown_prose,UNREAD,,,,,,,
current_tree,a37423639f7dabb0dfd55c8656d4689bb8a25351,archive/india9-branch-only-semantic-2026-08-23/agent__indiagoud-nonperson-anchor-audit/runs/active/INDIAGOUD-NONPERSON-ANCHOR-AUDIT-001/STATUS.md,46a42d8fa703ad4805bcf8083b63989d093ae3c3,2054,markdown_prose,UNREAD,,,,,,,
current_tree,a37423639f7dabb0dfd55c8656d4689bb8a25351,archive/india9-branch-only-semantic-2026-08-23/agent__indiagoud-nonperson-anchor-audit/runs/active/INDIAGOUD-NONPERSON-ANCHOR-AUDIT-001/TASK.md,bf8470d3c0cc468b173b74ef902ebe9861402b65,3080,markdown_prose,UNREAD,,,,,,,
current_tree,a37423639f7dabb0dfd55c8656d4689bb8a25351,archive/india9-branch-only-semantic-2026-08-23/agent__indiawit-master-travel-readiness/runs/active/INDIAWIT-HERITAGE-STAY-OVERRIDE-001/CURRENT_EXISTENCE_AND_BOOKABILITY.md,7422780bbeab0befe4a43e663365521025673d33,8958,markdown_prose,UNREAD,,,,,,,
current_tree,a37423639f7dabb0dfd55c8656d4689bb8a25351,archive/india9-branch-only-semantic-2026-08-23/agent__indiawit-master-travel-readiness/runs/active/INDIAWIT-HERITAGE-STAY-OVERRIDE-001/EXISTING_HOTEL_OVERRIDE_MATRIX.md,db468d499488fe465794c3038d015dc7477a5a78,5137,markdown_prose,UNREAD,,,,,,,
current_tree,a37423639f7dabb0dfd55c8656d4689bb8a25351,archive/india9-branch-only-semantic-2026-08-23/agent__indiawit-master-travel-readiness/runs/active/INDIAWIT-HERITAGE-STAY-OVERRIDE-001/HERITAGE_STAY_CANDIDATES.md,f0a47999982f767077da69a171a01bd95b09e9ce,13749,markdown_prose,UNREAD,,,,,,,
current_tree,a37423639f7dabb0dfd55c8656d4689bb8a25351,archive/india9-branch-only-semantic-2026-08-23/agent__indiawit-master-travel-readiness/runs/active/INDIAWIT-HERITAGE-STAY-OVERRIDE-001/MARK_HOTEL_REVIEW_QUEUE.md,2395079f7b591f1202a6ab5f3331ae759d42a43f,7301,markdown_prose,UNREAD,,,,,,,
current_tree,a37423639f7dabb0dfd55c8656d4689bb8a25351,archive/india9-branch-only-semantic-2026-08-23/agent__indiawit-master-travel-readiness/runs/active/INDIAWIT-HERITAGE-STAY-OVERRIDE-001/ROOM_LEVEL_LEADS.md,935a63feab27161f9504e7793a3a9ba27beb525f,6804,markdown_prose,UNREAD,,,,,,,
current_tree,a37423639f7dabb0dfd55c8656d4689bb8a25351,archive/india9-branch-only-semantic-2026-08-23/agent__indiawit-master-travel-readiness/runs/active/INDIAWIT-HERITAGE-STAY-OVERRIDE-001/STATUS.md,11e310500d355065784383279f6f9542a9ca33e9,3402,markdown_prose,UNREAD,,,,,,,
current_tree,a37423639f7dabb0dfd55c8656d4689bb8a25351,archive/india9-branch-only-semantic-2026-08-23/agent__indiawit-master-travel-readiness/runs/active/INDIAWIT-HERITAGE-STAY-OVERRIDE-001/TASK.md,71c9892645e92071f2aad8c11c7e217fc39ea9d9,2926,markdown_prose,UNREAD,,,,,,,
current_tree,a37423639f7dabb0dfd55c8656d4689bb8a25351,archive/india9-branch-only-semantic-2026-08-23/agent__indiawit-master-travel-readiness/runs/active/INDIAWIT-MASTER-TRAVEL-READINESS-001/HIGH_IMPACT_GAPS.md,876192dbe8273f4732015a51eb367da14081aeac,5141,markdown_prose,UNREAD,,,,,,,
current_tree,a37423639f7dabb0dfd55c8656d4689bb8a25351,archive/india9-branch-only-semantic-2026-08-23/agent__indiawit-master-travel-readiness/runs/active/INDIAWIT-MASTER-TRAVEL-READINESS-001/MARK_DECISION_QUEUE_DRAFT.md,b6995273d6fe0dc121a011b1b48e712def4d6f39,4576,markdown_prose,UNREAD,,,,,,,
current_tree,a37423639f7dabb0dfd55c8656d4689bb8a25351,archive/india9-branch-only-semantic-2026-08-23/agent__indiawit-master-travel-readiness/runs/active/INDIAWIT-MASTER-TRAVEL-READINESS-001/MASTER_HEATMAP_INPUT.md,a9b7e9bc1b2e0326cdd89a091b24154ef73d8f52,7062,markdown_prose,UNREAD,,,,,,,
current_tree,a37423639f7dabb0dfd55c8656d4689bb8a25351,archive/india9-branch-only-semantic-2026-08-23/agent__indiawit-master-travel-readiness/runs/active/INDIAWIT-MASTER-TRAVEL-READINESS-001/MASTER_TRAVEL_READINESS.md,da90dce0176207ee97b5eff46d2fd88c1f525edc,7977,markdown_prose,UNREAD,,,,,,,
current_tree,a37423639f7dabb0dfd55c8656d4689bb8a25351,archive/india9-branch-only-semantic-2026-08-23/agent__indiawit-master-travel-readiness/runs/active/INDIAWIT-MASTER-TRAVEL-READINESS-001/NEXT_EXECUTION_MAP.md,b63c4a113c824f4b83e63bd8a1640dbb8b519f0f,6884,markdown_prose,UNREAD,,,,,,,
current_tree,a37423639f7dabb0dfd55c8656d4689bb8a25351,archive/india9-branch-only-semantic-2026-08-23/agent__indiawit-master-travel-readiness/runs/active/INDIAWIT-MASTER-TRAVEL-READINESS-001/STATUS.md,75e72d9c691f03bdcb3bab7c37ab7889489f0ef8,2383,markdown_prose,UNREAD,,,,,,,
current_tree,a37423639f7dabb0dfd55c8656d4689bb8a25351,archive/india9-branch-only-semantic-2026-08-23/agent__indiawit-master-travel-readiness/runs/active/INDIAWIT-MASTER-TRAVEL-READINESS-001/TASK.md,30d406f095b76960e3e72e394b671134849c46fc,3069,markdown_prose,UNREAD,,,,,,,
current_tree,a37423639f7dabb0dfd55c8656d4689bb8a25351,archive/india9-branch-only-semantic-2026-08-23/agent__indiawit-master-travel-readiness/runs/active/INDIAWIT-REVERSE-CLUSTER-REOPEN-001/STATUS.md,8e264bfec4f38cb6061a3d7798179e9928eb1b7d,577,markdown_prose,UNREAD,,,,,,,
current_tree,a37423639f7dabb0dfd55c8656d4689bb8a25351,archive/india9-branch-only-semantic-2026-08-23/agent__indiawit-master-travel-readiness/runs/active/INDIAWIT-REVERSE-CLUSTER-REOPEN-001/TASK.md,856f3c153bc990eb683a6e72b0d99448c9c21c0d,3368,markdown_prose,UNREAD,,,,,,,
current_tree,a37423639f7dabb0dfd55c8656d4689bb8a25351,archive/india9-branch-only-semantic-2026-08-23/agent__indiazilver-cluster-completeness-audit/runs/active/INDIAZILVER-CLUSTER-COMPLETENESS-AUDIT-001/ABC_REVIEW_QUEUE.md,263489787e4cb04601d2ea6fba175bece6c595f8,5029,markdown_prose,UNREAD,,,,,,,
current_tree,a37423639f7dabb0dfd55c8656d4689bb8a25351,archive/india9-branch-only-semantic-2026-08-23/agent__indiazilver-cluster-completeness-audit/runs/active/INDIAZILVER-CLUSTER-COMPLETENESS-AUDIT-001/CLUSTER_RECALL_AUDIT.md,084717598f6599251b4d0eab3b36a9fcb1c5da9c,4165,markdown_prose,UNREAD,,,,,,,
current_tree,a37423639f7dabb0dfd55c8656d4689bb8a25351,archive/india9-branch-only-semantic-2026-08-23/agent__indiazilver-cluster-completeness-audit/runs/active/INDIAZILVER-CLUSTER-COMPLETENESS-AUDIT-001/COMPLETENESS_GATE.md,2fe87e3af2d8081bbb11de582ca417d7bcdb2f66,4811,markdown_prose,UNREAD,,,,,,,
current_tree,a37423639f7dabb0dfd55c8656d4689bb8a25351,archive/india9-branch-only-semantic-2026-08-23/agent__indiazilver-cluster-completeness-audit/runs/active/INDIAZILVER-CLUSTER-COMPLETENESS-AUDIT-001/MISSED_NEARBY_RISK.md,ffd0a2295a8a669bce29b6f528d89d627ceb9853,4447,markdown_prose,UNREAD,,,,,,,
current_tree,a37423639f7dabb0dfd55c8656d4689bb8a25351,archive/india9-branch-only-semantic-2026-08-23/agent__indiazilver-cluster-completeness-audit/runs/active/INDIAZILVER-CLUSTER-COMPLETENESS-AUDIT-001/REOPEN_AND_ID_QUEUE.md,2709b13e71ec7497fd9b18190e67674523ab0d8a,6642,markdown_prose,UNREAD,,,,,,,
current_tree,a37423639f7dabb0dfd55c8656d4689bb8a25351,archive/india9-branch-only-semantic-2026-08-23/agent__indiazilver-cluster-completeness-audit/runs/active/INDIAZILVER-CLUSTER-COMPLETENESS-AUDIT-001/STATUS.md,15e6378dbc3c746505a11fc0fc3bea4fd8be13e4,1786,markdown_prose,UNREAD,,,,,,,
current_tree,a37423639f7dabb0dfd55c8656d4689bb8a25351,archive/india9-branch-only-semantic-2026-08-23/agent__indiazilver-cluster-completeness-audit/runs/active/INDIAZILVER-CLUSTER-COMPLETENESS-AUDIT-001/TASK.md,59822e2ec502a07e0d07ce0d2504e6c20e791448,4022,markdown_prose,UNREAD,,,,,,,
current_tree,a37423639f7dabb0dfd55c8656d4689bb8a25351,archive/india9-branch-only-semantic-2026-08-23/agent__indiazilver-cluster-completeness-audit/runs/active/INDIAZILVER-CLUSTER-COMPLETENESS-AUDIT-001/TOP_REOPEN_PRIORITIES.md,79ba154303a097bab50e460c2e1f4d1ef67a79b0,4525,markdown_prose,UNREAD,,,,,,,
current_tree,a37423639f7dabb0dfd55c8656d4689bb8a25351,archive/india9-branch-only-semantic-2026-08-23/claude__werk-je-nu-of-niet-oa10y7/runs/active/INDIA8-STRATEGIC-ARCHITECTURE-REVIEW-001/STATUS.md,4b722f3640b16909fb1c2f7a70a4b97e7fd2bf0a,604,markdown_prose,UNREAD,,,,,,,
current_tree,a37423639f7dabb0dfd55c8656d4689bb8a25351,archive/india9-branch-only-semantic-2026-08-23/claude__werk-je-nu-of-niet-oa10y7/runs/active/INDIA8-STRATEGIC-ARCHITECTURE-REVIEW-001/STRATEGIC_ARCHITECTURE_REVIEW.md,2058080964adce1b1bf5d5270da640db8c818052,28193,markdown_prose,UNREAD,,,,,,,
current_tree,a37423639f7dabb0dfd55c8656d4689bb8a25351,decisions/ARUNACHALA_TIRUVANNAMALAI_A_ANCHOR_2026-08-18.md,9a32f13c271b5a83b77a879997bf31ac213158cf,1614,markdown_prose,UNREAD,,,,,,,
current_tree,a37423639f7dabb0dfd55c8656d4689bb8a25351,decisions/BABAJI_MYTHIC_FIGURE_EVIDENCE_RULE_2026-08-19.md,6f9893be1ffcef976c5361e1683f494190a92467,3139,markdown_prose,UNREAD,,,,,,,
current_tree,a37423639f7dabb0dfd55c8656d4689bb8a25351,decisions/EAST_ROUTE_FAMILY_SKIPPED_BY_MARK_2026-08-19.md,9b72be557424fced6a4612f1a8cdb7b0a3642c81,1259,markdown_prose,UNREAD,,,,,,,
current_tree,a37423639f7dabb0dfd55c8656d4689bb8a25351,decisions/INDIA_REGIE_ALWAYS_EXPLICIT_NEXT_ACTION_2026-08-19.md,58d28beb38b86c8c01ba6d2957afe2283c558f67,1218,markdown_prose,UNREAD,,,,,,,
current_tree,a37423639f7dabb0dfd55c8656d4689bb8a25351,decisions/REVERSE_DISCOVERY_REOPEN_RULE_2026-08-19.md,84d34d6ad11c317ac7b1dbdc74f143e4f2fe7017,3138,markdown_prose,UNREAD,,,,,,,
current_tree,a37423639f7dabb0dfd55c8656d4689bb8a25351,decisions/TOP11_SWEEP_DEPTH_BY_PERSON_2026-08-18.md,31ad2f4fe7d86876dde3e7ed1f871a3d22f95743,3898,markdown_prose,UNREAD,,,,,,,
current_tree,a37423639f7dabb0dfd55c8656d4689bb8a25351,decisions/VRINDAVAN_BRAJ_CLUSTER_DROPPED_BY_MARK_2026-08-26.md,a58ecf76ad2c4f4348a348a2ce00ec396ddf9bcd,2405,markdown_prose,UNREAD,,,,,,,
current_tree,a37423639f7dabb0dfd55c8656d4689bb8a25351,governance/ABC_SEMANTIC_LABEL_RULE_2026-08-23.md,6e6376917791c3efdbeb501d8adbc880bab9c622,1759,markdown_prose,UNREAD,,,,,,,
current_tree,a37423639f7dabb0dfd55c8656d4689bb8a25351,governance/ACTIVE_FRAMEWORK.md,d2971c925ffa62221edeb050b466a2d6122c0f71,2046,markdown_prose,UNREAD,,,,,,,
current_tree,a37423639f7dabb0dfd55c8656d4689bb8a25351,governance/ACTIVE_STATE.md,97948fa3e0193c6f0c3dd2a2c5cd60b367b461ad,18029,markdown_prose,UNREAD,,,,,,,
current_tree,a37423639f7dabb0dfd55c8656d4689bb8a25351,governance/ANANDAMAYI_YOGANANDA_PHOTO_OVERRIDE_2026-08-20.md,a0c7e5467030ff723640076f1e327d22f193ebb7,1739,markdown_prose,UNREAD,,,,,,,
current_tree,a37423639f7dabb0dfd55c8656d4689bb8a25351,governance/CCI_COLLABORATION_PROTOCOL.md,7e257b40fca656fd7eb5ca91fde7e1dd6b8e6cdc,2162,markdown_prose,UNREAD,,,,,,,
current_tree,a37423639f7dabb0dfd55c8656d4689bb8a25351,governance/CCI_COLOR_TASK_ROUTING_2026-08-20.md,d126530fe51943f5846e39d9a7c3da3af4b69c6f,2067,markdown_prose,UNREAD,,,,,,,
current_tree,a37423639f7dabb0dfd55c8656d4689bb8a25351,governance/CCI_GITHUB_WAKE_RELAY.md,a5c4d7ec5255451cacebacef598fd6a5cf2fd3ac,1435,markdown_prose,UNREAD,,,,,,,
current_tree,a37423639f7dabb0dfd55c8656d4689bb8a25351,governance/CENTRAL_INTEGRATION_REGISTRY.jsonl,c483e5a3afbda6ecaa6a7b0a80a90b36293db048,4291,structured_data,UNREAD,,,,,,,
current_tree,a37423639f7dabb0dfd55c8656d4689bb8a25351,governance/CURRENT_DECISIONS_MASTER.md,5bd948fdc393bab1e0fd7eb431782bb66d0c5bad,14865,markdown_prose,UNREAD,,,,,,,
current_tree,a37423639f7dabb0dfd55c8656d4689bb8a25351,governance/CURRENT_STATE.md,794edc4ae33e65a1b4af37266d993f2085fb7a43,7273,markdown_prose,UNREAD,,,,,,,
current_tree,a37423639f7dabb0dfd55c8656d4689bb8a25351,governance/DECISION_LEDGER.jsonl,a4383d6c4ba89b6133c8fb49ea12f6887ae8a2ab,22117,structured_data,UNREAD,,,,,,,
current_tree,a37423639f7dabb0dfd55c8656d4689bb8a25351,governance/EXTERNAL_AI_PROMPT_RULES.md,1a5fb1529427ebe6848af9a527913b5783fb13a2,1345,markdown_prose,UNREAD,,,,,,,
current_tree,a37423639f7dabb0dfd55c8656d4689bb8a25351,governance/FINAL_COMFORT_SWEEP_RULE_2026-08-23.md,b41bf4a4dd843d8dc5e687cb5aa5630ad818d018,2068,markdown_prose,UNREAD,,,,,,,
current_tree,a37423639f7dabb0dfd55c8656d4689bb8a25351,governance/GLOBAL_REGIE_CANON_AUDIT_2026-08-23.md,b2c15af2709119a2b6a180d22c70e59479d185b8,11651,markdown_prose,UNREAD,,,,,,,
current_tree,a37423639f7dabb0dfd55c8656d4689bb8a25351,governance/HANDOFF_INDIA6_TO_INDIA7_2026-08-19.md,3312cdfa85dd26e6b2be1cb3f9b393e0c121c765,10420,markdown_prose,UNREAD,,,,,,,
current_tree,a37423639f7dabb0dfd55c8656d4689bb8a25351,governance/INDIA11_RECOVERY_POSTMORTEM_AND_MUST_READ_2026-08-26.md,361ba3283c1b6017a635158efb45921a65a7c143,12342,markdown_prose,UNREAD,,,,,,,
current_tree,a37423639f7dabb0dfd55c8656d4689bb8a25351,governance/INDIA7_BOOTSTRAP_DELTA_2026-08-18.md,e3d222293323730f329b1910d1ad7c0aec744f62,1836,markdown_prose,UNREAD,,,,,,,
current_tree,a37423639f7dabb0dfd55c8656d4689bb8a25351,governance/INDIA7_BOOTSTRAP_DELTA_2026-08-19.md,70ce3c36586038d00c50ec5b9593359bf581367f,3004,markdown_prose,UNREAD,,,,,,,
current_tree,a37423639f7dabb0dfd55c8656d4689bb8a25351,governance/INDIA8_REGIE_READINESS_AUDIT_2026-08-23.md,bf71d0b8a8d3aaf09affe9280caee3af23eeda68,3906,markdown_prose,UNREAD,,,,,,,
current_tree,a37423639f7dabb0dfd55c8656d4689bb8a25351,governance/INDIA9_CANON_RECONCILIATION_2026-08-23.md,3bebd85de0513aad8250ad29220bd27ff1fd60ea,10729,markdown_prose,UNREAD,,,,,,,
current_tree,a37423639f7dabb0dfd55c8656d4689bb8a25351,governance/INDIA_CURRENT_KNOWLEDGE_MAP.md,8bf82e467352779705b10455525860fc5126ebf8,12688,markdown_prose,UNREAD,,,,,,,
current_tree,a37423639f7dabb0dfd55c8656d4689bb8a25351,governance/INDIA_MASTER_BOOT.md,c6b245cbbb8219b5b122bc618b49232f23188156,11464,markdown_prose,UNREAD,,,,,,,
current_tree,a37423639f7dabb0dfd55c8656d4689bb8a25351,governance/INDIA_RECOVERY_DELTAS_CURRENT.md,a933d014e6eed2e82cac6c735358f3f58b703565,11906,markdown_prose,UNREAD,,,,,,,
current_tree,a37423639f7dabb0dfd55c8656d4689bb8a25351,governance/INDIA_REGIE_CRITICAL_BOOT_AND_NO_DEFERRAL_2026-08-23.md,ceb3ac8b78ad8fd3f47e852129f3b592d9c0f057,13183,markdown_prose,UNREAD,,,,,,,
current_tree,a37423639f7dabb0dfd55c8656d4689bb8a25351,governance/INDIA_REGIE_DOORGANGSPROTOCOL_2026-08-20.md,d052c6fd64525f876499b4c05201c1983fca2c4e,6383,markdown_prose,UNREAD,,,,,,,
current_tree,a37423639f7dabb0dfd55c8656d4689bb8a25351,governance/INDIA_ROUTE_TOPOLOGY_CHECKPOINT_2026-08-26.md,6a5c565bcc32f5a10eaf64d4c86a1090e004ba73,5335,markdown_prose,UNREAD,,,,,,,
current_tree,a37423639f7dabb0dfd55c8656d4689bb8a25351,governance/INDIA_SESSION_START.md,1f8d145edf8c02e89a4819b29dd8b740be3f96d5,875,markdown_prose,UNREAD,,,,,,,
current_tree,a37423639f7dabb0dfd55c8656d4689bb8a25351,governance/INDIA_SUCCESSOR_BOOT_PROTOCOL.md,4a537be2343d24e42b15d9d4fa9fc12e5de8bea0,1225,markdown_prose,UNREAD,,,,,,,
current_tree,a37423639f7dabb0dfd55c8656d4689bb8a25351,governance/KNOWLEDGE_BASELINE_2026-08-23.md,17e97b8a5a663671d9babc1befcd81b94892314b,4813,markdown_prose,UNREAD,,,,,,,
current_tree,a37423639f7dabb0dfd55c8656d4689bb8a25351,governance/KNOWLEDGE_BASELINE_LATEST.md,24685fcbb53bdfbe2803623ac471765f3cb1a7f5,667,markdown_prose,UNREAD,,,,,,,
current_tree,a37423639f7dabb0dfd55c8656d4689bb8a25351,governance/LOCATION_RESOLUTION_BEFORE_ABC_2026-08-19.md,33d6ba6df307a94907c3f09a2f23e35063f59ffa,5845,markdown_prose,UNREAD,,,,,,,
current_tree,a37423639f7dabb0dfd55c8656d4689bb8a25351,governance/LONELY_PLANET_LAYER_RULE_2026-08-22.md,ba1e9ac8f5097b5b649d201ebe4bb2ad9f3108d2,3108,markdown_prose,UNREAD,,,,,,,
current_tree,a37423639f7dabb0dfd55c8656d4689bb8a25351,governance/MARK_DECISION_PARENT_MICROCLUSTER_RULE_2026-08-20.md,006cbb47663ee8e0f79ca93943de0e63093d068e,1786,markdown_prose,UNREAD,,,,,,,
current_tree,a37423639f7dabb0dfd55c8656d4689bb8a25351,governance/MARK_HISTORIC_SITE_CONTINUITY_RULE_2026-08-20.md,797070b273bd1da276fe9ea30e9ffcd2ee764f7d,3458,markdown_prose,UNREAD,,,,,,,
current_tree,a37423639f7dabb0dfd55c8656d4689bb8a25351,governance/MARK_TRAVEL_PREFERENCES_CURRENT.md,13084461b11627626df785464ab8063faa05f13c,20022,markdown_prose,UNREAD,,,,,,,
current_tree,a37423639f7dabb0dfd55c8656d4689bb8a25351,governance/PRECEDENCE_MAP.jsonl,c7521ad4521b8155da9edb8c581d72a830da7119,7010,structured_data,UNREAD,,,,,,,
current_tree,a37423639f7dabb0dfd55c8656d4689bb8a25351,governance/SEMANTIC_IMPORT_REGISTRY_2026-08-23.jsonl,9f809b1afaa087dc2c691347b8ab4d7ade8ee671,42816,structured_data,UNREAD,,,,,,,
current_tree,a37423639f7dabb0dfd55c8656d4689bb8a25351,governance/SWEEP_ERROR_CLASSES.md,5b74a1636e0531bbfe164caec3f9a4c6d6e51fd6,8053,markdown_prose,UNREAD,,,,,,,
current_tree,a37423639f7dabb0dfd55c8656d4689bb8a25351,governance/SWEEP_PROTOCOL.md,2646f4d59ad7182e9581738518de7a3f2d3251d0,64872,markdown_prose,UNREAD,,,,,,,
current_tree,a37423639f7dabb0dfd55c8656d4689bb8a25351,governance/TRIP_FRAME_HARD.md,cd506d251b18b0f540185c6d77561d016d44fe84,2729,markdown_prose,UNREAD,,,,,,,
current_tree,a37423639f7dabb0dfd55c8656d4689bb8a25351,governance/scripts/preflight_validator.py,d527e0ed90f5824b1352de8aec99a25c74fad511,14885,script,UNREAD,,,,,,,
current_tree,a37423639f7dabb0dfd55c8656d4689bb8a25351,governance/scripts/validate_successor_boot.py,4c524b5f3cf2352553d4a0d5cec844e7cf1f8acb,3261,script,UNREAD,,,,,,,
current_tree,a37423639f7dabb0dfd55c8656d4689bb8a25351,handoffs/INDIA6_TO_INDIA7_2026-08-18.md,7e86d8ed384c6cb7804a9ffe09d24c93302fceec,11332,markdown_prose,UNREAD,,,,,,,
current_tree,a37423639f7dabb0dfd55c8656d4689bb8a25351,handoffs/INDIA6_TO_INDIA7_LIVE_DELTA_2026-08-18_2359.md,875a41271ffe04fb86cb35bcc45ccb76aade2ca0,2215,markdown_prose,UNREAD,,,,,,,
current_tree,a37423639f7dabb0dfd55c8656d4689bb8a25351,handoffs/INDIA8_TO_INDIA9_DISPATCH_2026-08-20.md,419fb5074fa838e8234eb155495d9fc6b1f043df,2892,markdown_prose,UNREAD,,,,,,,
current_tree,a37423639f7dabb0dfd55c8656d4689bb8a25351,handoffs/INDIA8_TO_INDIA9_FINAL_BOOT_2026-08-23.md,c8b640664b8d62e7e6dfe851be4b518c9df20a44,12147,markdown_prose,UNREAD,,,,,,,
current_tree,a37423639f7dabb0dfd55c8656d4689bb8a25351,handoffs/INDIA8_TO_INDIA9_LIVE_2026-08-19.md,4ab1cbdc5541bb69e10a4a79176f989654851fe1,8252,markdown_prose,UNREAD,,,,,,,
current_tree,a37423639f7dabb0dfd55c8656d4689bb8a25351,handoffs/INDIA8_TO_INDIA9_LIVE_DELTA_2026-08-20_0906.md,25c6b199ecf6047091badf69f45e0ed96ed99eb2,1573,markdown_prose,UNREAD,,,,,,,
current_tree,a37423639f7dabb0dfd55c8656d4689bb8a25351,handoffs/INDIA8_TO_INDIA9_QUARTER_HOUR_PLANNING_DELTA_2026-08-23.md,6b73a5e6a1f055c81e6932b51e35297f00823cfe,12960,markdown_prose,UNREAD,,,,,,,
current_tree,a37423639f7dabb0dfd55c8656d4689bb8a25351,handoffs/INDIA9_OPTIMIZATION_REPORT_2026-08-23.md,4a0577cb58fde6b00b6e190587d154e27a0f8030,4827,markdown_prose,UNREAD,,,,,,,
current_tree,a37423639f7dabb0dfd55c8656d4689bb8a25351,handoffs/INDIA9_TO_INDIA10_SUCCESSOR_BOOT_2026-08-23.md,e214bd7d7bb6df7f07733642eded988f7ae057d2,3754,markdown_prose,UNREAD,,,,,,,
current_tree,a37423639f7dabb0dfd55c8656d4689bb8a25351,india4/.write_test_20260724.tmp,c2926a334d8ce0cd2e55b3aa8b1d5102fc88d9f5,35,non_semantic_scaffold,CLASSIFIED_NON_SEMANTIC,,NONE,HISTORICAL_PROVENANCE_ONLY,,,,
current_tree,a37423639f7dabb0dfd55c8656d4689bb8a25351,india4/.write_test_20260724_2.tmp,cdfd51e3aabfe50a84825fe568cfe469fc09ae07,41,non_semantic_scaffold,CLASSIFIED_NON_SEMANTIC,,NONE,HISTORICAL_PROVENANCE_ONLY,,,,
current_tree,a37423639f7dabb0dfd55c8656d4689bb8a25351,india4/ACTIVE_SYSTEM.yaml,aa5fd0b289f2c71de789b93c03f6880de027c3d6,389,config_yaml,UNREAD,,,,,,,
current_tree,a37423639f7dabb0dfd55c8656d4689bb8a25351,india4/README.md,e7c913dba18d6cf7b33afef184e070f0b3717f5b,1244,markdown_prose,UNREAD,,,,,,,
current_tree,a37423639f7dabb0dfd55c8656d4689bb8a25351,india4/START.md,3a78386f37cab18366e60039907462ee536618b9,1392,markdown_prose,UNREAD,,,,,,,
current_tree,a37423639f7dabb0dfd55c8656d4689bb8a25351,india4/prompts/BRONS-AUTOBATCH.md,566043e37c68c45e03d91424ddcdab1c7406c032,4608,markdown_prose,UNREAD,,,,,,,
current_tree,a37423639f7dabb0dfd55c8656d4689bb8a25351,india4/prompts/BRONS-B01.md,46320f1ffc119fe475f7ed8a3637ad25ab5d0594,2143,markdown_prose,UNREAD,,,,,,,
current_tree,a37423639f7dabb0dfd55c8656d4689bb8a25351,india4/prompts/BRONS-B02.md,1229ead7072e71b69570b181d2e7f934fb0b99e4,649,markdown_prose,UNREAD,,,,,,,
current_tree,a37423639f7dabb0dfd55c8656d4689bb8a25351,india4/prompts/BRONS-B03.md,d2d4c9ba20ca0b570c0e8ffa3cf41a318ad47b84,649,markdown_prose,UNREAD,,,,,,,
current_tree,a37423639f7dabb0dfd55c8656d4689bb8a25351,india4/prompts/BRONS-B04.md,a66d0a2ccfd04ba151f4f7a755ca824cc675e97e,650,markdown_prose,UNREAD,,,,,,,
current_tree,a37423639f7dabb0dfd55c8656d4689bb8a25351,india4/prompts/GOUD.md,ec28c2ee62c247dca8d663ca85448518d9ffa8c6,838,markdown_prose,UNREAD,,,,,,,
current_tree,a37423639f7dabb0dfd55c8656d4689bb8a25351,india4/prompts/ZILVER-Z01.md,a3407ddb04e437aaefff481990a0db5ef8ceb70b,806,markdown_prose,UNREAD,,,,,,,
current_tree,a37423639f7dabb0dfd55c8656d4689bb8a25351,india4/prompts/ZILVER-Z02.md,d3a60d0014547b0e8a5a62cf36f243cb91ca2007,800,markdown_prose,UNREAD,,,,,,,
current_tree,a37423639f7dabb0dfd55c8656d4689bb8a25351,india4/protocols/GEO.md,0bef66e66904927c717722c531d0dc594e87a6da,1279,markdown_prose,UNREAD,,,,,,,
current_tree,a37423639f7dabb0dfd55c8656d4689bb8a25351,india4/protocols/GITHUB_REQUIRED.md,c2bac54a2b3789d308888149f9ae2727b9752b99,965,markdown_prose,UNREAD,,,,,,,
current_tree,a37423639f7dabb0dfd55c8656d4689bb8a25351,india4/protocols/INDIA5-PROTOCOL.md,9415c5c2892478263d86caa04b4dcd96a8a93c89,22227,markdown_prose,UNREAD,,,,,,,
current_tree,a37423639f7dabb0dfd55c8656d4689bb8a25351,india4/protocols/INDIA5_REGION_START_PROTOCOL.md,bbdae28e9b9e837519e924bed961c679d31d288b,15991,markdown_prose,UNREAD,,,,,,,
current_tree,a37423639f7dabb0dfd55c8656d4689bb8a25351,india4/protocols/MARK_DECISIONS.md,1c64ca4c0884a1e0c5d7dfcfa384719047b05c16,582,markdown_prose,UNREAD,,,,,,,
current_tree,a37423639f7dabb0dfd55c8656d4689bb8a25351,india4/protocols/NOT_TO_BE_MISSED_FRAMEWORK.md,97d4cc03a4d20b81a252fbd5eca94421975a3375,17419,markdown_prose,UNREAD,,,,,,,
current_tree,a37423639f7dabb0dfd55c8656d4689bb8a25351,india4/protocols/PRACTICAL_DELIVERY.md,f3e8782e656be196aa3b7143836dd6cefcdda713,717,markdown_prose,UNREAD,,,,,,,
current_tree,a37423639f7dabb0dfd55c8656d4689bb8a25351,india4/protocols/RESEARCH_QUALITY.md,94b146ab146b04df041cf4c5b7ba329f84fdaa11,778,markdown_prose,UNREAD,,,,,,,
current_tree,a37423639f7dabb0dfd55c8656d4689bb8a25351,india4/protocols/ROLE_HANDOFF.md,5372c5bce2ac4d11eaa4c32ee7563a8565225ce5,798,markdown_prose,UNREAD,,,,,,,
current_tree,a37423639f7dabb0dfd55c8656d4689bb8a25351,india4/registries/DETECTOR_LIBRARY.jsonl,e56129f0f84558f376e2151e441a24fb97e99420,1455,structured_data,UNREAD,,,,,,,
current_tree,a37423639f7dabb0dfd55c8656d4689bb8a25351,india4/registries/DETECTOR_RUN_HISTORY.jsonl,a96ece8fd4c2f031b73c491c687e36c6a8f52f4c,1077,structured_data,UNREAD,,,,,,,
current_tree,a37423639f7dabb0dfd55c8656d4689bb8a25351,india4/roles/BRONS.md,ec7353f6f2fad0aebf98c3a58c4bb9ab6bc9add1,2281,markdown_prose,UNREAD,,,,,,,
current_tree,a37423639f7dabb0dfd55c8656d4689bb8a25351,india4/roles/GOUD.md,fc8cf880d7df95af976a28477680c3712d825f75,937,markdown_prose,UNREAD,,,,,,,
current_tree,a37423639f7dabb0dfd55c8656d4689bb8a25351,india4/roles/PRE-BRONS.md,af0ca9ab3afd7e48f1c9ea26a13632bc2feef262,4239,markdown_prose,UNREAD,,,,,,,
current_tree,a37423639f7dabb0dfd55c8656d4689bb8a25351,india4/roles/ZILVER.md,496c382f4de55c795a52e37c132de9502f39b9d6,964,markdown_prose,UNREAD,,,,,,,
current_tree,a37423639f7dabb0dfd55c8656d4689bb8a25351,india4/scripts/validate_detector_library.py,2e7400fdbe31bb4b559c69e6ab86e09437741fc3,3038,script,UNREAD,,,,,,,
current_tree,a37423639f7dabb0dfd55c8656d4689bb8a25351,india4/scripts/validate_pre_brons_brief.py,dd156450867ca78f69ad899cee6ac4ceaebf1d6d,4450,script,UNREAD,,,,,,,
current_tree,a37423639f7dabb0dfd55c8656d4689bb8a25351,india4/templates/BATCH_OUTPUT.md,6103402f5d12dfb7a55d4752152d7782cdee335d,1261,markdown_prose,UNREAD,,,,,,,
current_tree,a37423639f7dabb0dfd55c8656d4689bb8a25351,india4/templates/BRONS_HANDOFF.md,5cb708c2b8a47d36da414bcd0ddcad8dc3cb7f6a,594,markdown_prose,UNREAD,,,,,,,
current_tree,a37423639f7dabb0dfd55c8656d4689bb8a25351,india4/templates/GOUD_COMPLETION.md,08da45fd8c4cfa595eec3b68bbf83764ae77cca0,265,markdown_prose,UNREAD,,,,,,,
current_tree,a37423639f7dabb0dfd55c8656d4689bb8a25351,india4/templates/GOUD_PDF_TEMPLATE.md,698f32857d5d288dee14bb0e3b46ede6a7533f8a,6849,markdown_prose,UNREAD,,,,,,,
current_tree,a37423639f7dabb0dfd55c8656d4689bb8a25351,india4/templates/PRE_BRONS_REGION_CONTENT_BRIEF_TEMPLATE.md,d2c851fc31cfba377c9f974c28657ff3960cefbc,2824,markdown_prose,UNREAD,,,,,,,
current_tree,a37423639f7dabb0dfd55c8656d4689bb8a25351,india4/templates/RUN.yaml,345d48b29b6f73e0acfa3e802ff0593fce4347ad,380,config_yaml,UNREAD,,,,,,,
current_tree,a37423639f7dabb0dfd55c8656d4689bb8a25351,india4/templates/ZILVER_HANDOFF.md,13079c5591f3e835469f3abf6a09e856d4be413e,662,markdown_prose,UNREAD,,,,,,,
current_tree,a37423639f7dabb0dfd55c8656d4689bb8a25351,india5/.gitignore,7a60b85e148f80966a550e5ab6a762a907c69ca6,19,non_semantic_scaffold,CLASSIFIED_NON_SEMANTIC,,NONE,HISTORICAL_PROVENANCE_ONLY,,,,
current_tree,a37423639f7dabb0dfd55c8656d4689bb8a25351,india5/ACTIVE_STATE.md,770a728bb8ebbf15b9b9aa31408d17e31edd33fc,775,markdown_prose,UNREAD,,,,,,,
current_tree,a37423639f7dabb0dfd55c8656d4689bb8a25351,india5/GOVERNANCE.md,2dc1a9087029a25206ddfbfafdadc527d9bf6c69,8102,markdown_prose,UNREAD,,,,,,,
current_tree,a37423639f7dabb0dfd55c8656d4689bb8a25351,india5/INDIA3_HANDOFF.md,7583664377c3733ebf4624391fff02c7b317edd3,11625,markdown_prose,UNREAD,,,,,,,
current_tree,a37423639f7dabb0dfd55c8656d4689bb8a25351,india5/INDIA3_START_PROMPT.md,c19dda8213d217c4d4f4c1904d28e4c15950369e,4438,markdown_prose,UNREAD,,,,,,,
current_tree,a37423639f7dabb0dfd55c8656d4689bb8a25351,india5/TASK_PROTOCOL.md,7a06c4012c330e76e97d5b2464fc69adec30ca33,16182,markdown_prose,UNREAD,,,,,,,
current_tree,a37423639f7dabb0dfd55c8656d4689bb8a25351,india5/reports/VARANASI_041_045_DEEPENING_CHECK.md,99d86b1bf85893c2bf7111232e859df8fcf84b81,10586,markdown_prose,UNREAD,,,,,,,
current_tree,a37423639f7dabb0dfd55c8656d4689bb8a25351,india5/reports/VARANASI_DISCOVERY_COVERAGE_003_REPORT.md,386a6ef03337a1dbba64fd586d84ba289240d43f,14448,markdown_prose,UNREAD,,,,,,,
current_tree,a37423639f7dabb0dfd55c8656d4689bb8a25351,india5/reports/VARANASI_NOT_TO_BE_MISSED_041_045_REASSESSMENT.md,0bfff07bb3a3d4f4d4eada37c27599795887799c,10391,markdown_prose,UNREAD,,,,,,,
current_tree,a37423639f7dabb0dfd55c8656d4689bb8a25351,india5/schemas/knowledge_gate.schema.json,2ff33f5d66e42c645b7b3377171b7b9c28139415,1784,structured_data,UNREAD,,,,,,,
current_tree,a37423639f7dabb0dfd55c8656d4689bb8a25351,india5/schemas/status.schema.json,3304052bb6ddcf34112d4e7936816092c0b288d6,3320,structured_data,UNREAD,,,,,,,
current_tree,a37423639f7dabb0dfd55c8656d4689bb8a25351,india5/schemas/task.schema.json,f4aed1b926c914df5a948f5a15ffa9e9290ce93f,3625,structured_data,UNREAD,,,,,,,
current_tree,a37423639f7dabb0dfd55c8656d4689bb8a25351,india5/scripts/check_forbidden_writes.py,425b80fa98f407da78550d130130476aef2f00b8,5334,script,UNREAD,,,,,,,
current_tree,a37423639f7dabb0dfd55c8656d4689bb8a25351,india5/scripts/claim_task.py,7f960df02cd9dc24c08955fa78eae40cd5d8c468,5079,script,UNREAD,,,,,,,
current_tree,a37423639f7dabb0dfd55c8656d4689bb8a25351,india5/scripts/complete_task.py,c5fda8b42493b0648ae3a2caddad364b8a3743df,5596,script,UNREAD,,,,,,,
current_tree,a37423639f7dabb0dfd55c8656d4689bb8a25351,india5/scripts/resolve_task_commits.py,44929bce997bad2b48afe584154087438067609b,2606,script,UNREAD,,,,,,,
current_tree,a37423639f7dabb0dfd55c8656d4689bb8a25351,india5/scripts/validate_global_numbering.py,699649972b04c0fc7831a3ac126cb26449e75796,4355,script,UNREAD,,,,,,,
current_tree,a37423639f7dabb0dfd55c8656d4689bb8a25351,india5/scripts/validate_knowledge_gate.py,f133eebd3eeff9d7f2a53b3dc5b6253dfd345dd4,3117,script,UNREAD,,,,,,,
current_tree,a37423639f7dabb0dfd55c8656d4689bb8a25351,india5/scripts/validate_task.py,af9b2199b3e924b38774436a448f9618b226dc96,10263,script,UNREAD,,,,,,,
current_tree,a37423639f7dabb0dfd55c8656d4689bb8a25351,india5/tasks/active/.gitkeep,e69de29bb2d1d6434b8b29ae775ad8c2e48c5391,0,non_semantic_scaffold,CLASSIFIED_NON_SEMANTIC,,NONE,HISTORICAL_PROVENANCE_ONLY,,,,
current_tree,a37423639f7dabb0dfd55c8656d4689bb8a25351,india5/tasks/active/INDIA5-VNS-DISCOVERY-SATURATION-004/STATUS.yaml,60b8fc0f649b3f80d0aa21dad4c255a362aa8574,1678,config_yaml,UNREAD,,,,,,,
current_tree,a37423639f7dabb0dfd55c8656d4689bb8a25351,india5/tasks/active/INDIA5-VNS-DISCOVERY-SATURATION-004/TASK.md,42b39564b8c1590c7fca5a32b99b63cd5844f8a8,4364,markdown_prose,UNREAD,,,,,,,
current_tree,a37423639f7dabb0dfd55c8656d4689bb8a25351,india5/tasks/active/INDIA5-VNS-DISCOVERY-SATURATION-004/TASK.yaml,ca0c74f8dc69a14f162522a5407265470bd80eba,1634,config_yaml,UNREAD,,,,,,,
current_tree,a37423639f7dabb0dfd55c8656d4689bb8a25351,india5/tasks/done/.gitkeep,e69de29bb2d1d6434b8b29ae775ad8c2e48c5391,0,non_semantic_scaffold,CLASSIFIED_NON_SEMANTIC,india5/tasks/active/.gitkeep,NONE,HISTORICAL_PROVENANCE_ONLY,,,,
current_tree,a37423639f7dabb0dfd55c8656d4689bb8a25351,india5/tasks/done/INDIA5-ARCH-HARDEN-002/PRE_BRONS_HOLD_INVENTORY.md,acc587da227a4de92f4853d0a981055d6e08f71e,5266,markdown_prose,UNREAD,,,,,,,
current_tree,a37423639f7dabb0dfd55c8656d4689bb8a25351,india5/tasks/done/INDIA5-ARCH-HARDEN-002/RESULT.md,96310e3c1da7bb3e54b34e9781f5e8b86c576985,11713,markdown_prose,UNREAD,,,,,,,
current_tree,a37423639f7dabb0dfd55c8656d4689bb8a25351,india5/tasks/done/INDIA5-ARCH-HARDEN-002/STATUS.yaml,1f9c4559b9c7ca336deacfdcdd6d652f49554682,1631,config_yaml,UNREAD,,,,,,,
current_tree,a37423639f7dabb0dfd55c8656d4689bb8a25351,india5/tasks/done/INDIA5-ARCH-HARDEN-002/TASK.md,f753d1f05443b0cd5a1f1b12a54d91fcb002de9e,4161,markdown_prose,UNREAD,,,,,,,
current_tree,a37423639f7dabb0dfd55c8656d4689bb8a25351,india5/tasks/done/INDIA5-ARCH-HARDEN-002/TASK.yaml,7a93107e9901740f431a218afccd1053587ca6a5,937,config_yaml,UNREAD,,,,,,,
current_tree,a37423639f7dabb0dfd55c8656d4689bb8a25351,india5/tasks/done/INDIA5-ARCH-TEST-001/RESULT.md,5cb82e1e0ece3f59f2c2acdef284ed767999a1b2,954,markdown_prose,UNREAD,,,,,,,
current_tree,a37423639f7dabb0dfd55c8656d4689bb8a25351,india5/tasks/done/INDIA5-ARCH-TEST-001/STATUS.yaml,fba52c774580fec3c05c5bb70256295d4a517b69,641,config_yaml,UNREAD,,,,,,,
current_tree,a37423639f7dabb0dfd55c8656d4689bb8a25351,india5/tasks/done/INDIA5-ARCH-TEST-001/TASK.md,ee35369be46da2e365cc4a0f3b07ccc7eeee425d,1414,markdown_prose,UNREAD,,,,,,,
current_tree,a37423639f7dabb0dfd55c8656d4689bb8a25351,india5/tasks/done/INDIA5-ARCH-TEST-001/TASK.yaml,a1e5047a383cac944ac6ba671eb80db9cde11b9c,875,config_yaml,UNREAD,,,,,,,
current_tree,a37423639f7dabb0dfd55c8656d4689bb8a25351,india5/tasks/done/INDIA5-ARCH-TEST-001/TEST_OUTPUT.md,1604a2ca23352af91b32e96c241e26328d7739bd,2601,markdown_prose,UNREAD,,,,,,,
current_tree,a37423639f7dabb0dfd55c8656d4689bb8a25351,india5/tasks/done/INDIA5-VNS-DISCOVERY-COVERAGE-003/RESULT.md,12fe39d5e37e5445cb53c02d3316f14d59e0366d,8061,markdown_prose,UNREAD,,,,,,,
current_tree,a37423639f7dabb0dfd55c8656d4689bb8a25351,india5/tasks/done/INDIA5-VNS-DISCOVERY-COVERAGE-003/STATUS.yaml,2002a830af13189e3e2e1700b98883673bcf324a,905,config_yaml,UNREAD,,,,,,,
current_tree,a37423639f7dabb0dfd55c8656d4689bb8a25351,india5/tasks/done/INDIA5-VNS-DISCOVERY-COVERAGE-003/TASK.md,28fe33e58f31cb15df17f01bbfb6bae5b378a9aa,4310,markdown_prose,UNREAD,,,,,,,
current_tree,a37423639f7dabb0dfd55c8656d4689bb8a25351,india5/tasks/done/INDIA5-VNS-DISCOVERY-COVERAGE-003/TASK.yaml,462b4506b34a44fa2fa232136909f6b1f7c396a3,1930,config_yaml,UNREAD,,,,,,,
current_tree,a37423639f7dabb0dfd55c8656d4689bb8a25351,india5/tasks/failed/.gitkeep,e69de29bb2d1d6434b8b29ae775ad8c2e48c5391,0,non_semantic_scaffold,CLASSIFIED_NON_SEMANTIC,india5/tasks/active/.gitkeep,NONE,HISTORICAL_PROVENANCE_ONLY,,,,
current_tree,a37423639f7dabb0dfd55c8656d4689bb8a25351,india5/templates/KNOWLEDGE_GATE_REVIEW_TEMPLATE.md,d9d569101065a2f70e46fb5241ff005db3de69c7,1783,markdown_prose,UNREAD,,,,,,,
current_tree,a37423639f7dabb0dfd55c8656d4689bb8a25351,pipeline/ACTIVE_SYSTEM.yaml,0e17790a5022813067ae5ef01eaba9a2d886556a,422,config_yaml,UNREAD,,,,,,,
current_tree,a37423639f7dabb0dfd55c8656d4689bb8a25351,research/YOGANANDA_RAMANA_ARUNACHALA_POST_FREEZE_NOTE_2026-08-18.md,2a578e49b537e56ee350f62627829036b4d522f8,2332,markdown_prose,UNREAD,,,,,,,
current_tree,a37423639f7dabb0dfd55c8656d4689bb8a25351,research/deep-research/KUMAON-DEEP-RESEARCH-STATE.md,af40ada7013c4185acad4c06fc3fe3b063a19acf,2655,markdown_prose,UNREAD,,,,,,,
current_tree,a37423639f7dabb0dfd55c8656d4689bb8a25351,research/deep-research/MAHAVATAR-BABAJI-CAVE-A.md,2cb51b40fb66d902d94d733a8d6bac283d321fef,2582,markdown_prose,UNREAD,,,,,,,
current_tree,a37423639f7dabb0dfd55c8656d4689bb8a25351,runs/active/AOAY-FULL-LOCATION-ATLAS-001/COVERAGE_MATRIX.md,87905bdb5a87394845ecb15b1f6e9ee26c514958,5695,markdown_prose,UNREAD,,,,,,,
current_tree,a37423639f7dabb0dfd55c8656d4689bb8a25351,runs/active/AOAY-FULL-LOCATION-ATLAS-001/PLACE_ATLAS.jsonl,4f760da1eaa8a1fe60fe810f4b81fb1dfdef4753,65294,structured_data,UNREAD,,,,,,,
current_tree,a37423639f7dabb0dfd55c8656d4689bb8a25351,runs/active/AOAY-FULL-LOCATION-ATLAS-001/RAW_OCCURRENCES.jsonl,fd1e188e479e2bb4235c8119222078afb16eb4a1,312990,structured_data,UNREAD,,,,,,,
current_tree,a37423639f7dabb0dfd55c8656d4689bb8a25351,runs/active/AOAY-FULL-LOCATION-ATLAS-001/RESULT.md,c9b6665f5ed63fa8382feef877bf9bdfb02b227b,7567,markdown_prose,UNREAD,,,,,,,
current_tree,a37423639f7dabb0dfd55c8656d4689bb8a25351,runs/active/AOAY-FULL-LOCATION-ATLAS-001/STATUS.md,7a2244b352c3a15e92c9c92ade20ba4fa9827278,2211,markdown_prose,UNREAD,,,,,,,
current_tree,a37423639f7dabb0dfd55c8656d4689bb8a25351,runs/active/AOAY-FULL-LOCATION-ATLAS-001/TASK.md,d0d3b784d1f2c712ac843b29e270552f35d1e365,7556,markdown_prose,UNREAD,,,,,,,
current_tree,a37423639f7dabb0dfd55c8656d4689bb8a25351,runs/active/BODHGAYA-DISCOVERY-001/BRONS/BRONS-B01.jsonl,672639adcb44d62ccf6867838c0337a08fea0433,6262,structured_data,UNREAD,,,,,,,
current_tree,a37423639f7dabb0dfd55c8656d4689bb8a25351,runs/active/BODHGAYA-DISCOVERY-001/GOUD/BODHGAYA_046_049.kml,b1de167dcd29ea522a12378be6d3ba42189635ac,2809,geodata,UNREAD,,,,,,,
current_tree,a37423639f7dabb0dfd55c8656d4689bb8a25351,runs/active/BODHGAYA-DISCOVERY-001/GOUD/BODHGAYA_GOUD_REPORT.md,c5c42d65400a04fc2f5654c201b4eb03c952bc4e,11263,markdown_prose,UNREAD,,,,,,,
current_tree,a37423639f7dabb0dfd55c8656d4689bb8a25351,runs/active/BODHGAYA-DISCOVERY-001/GOUD/COMPLETION.md,0e527ec7af9f16ea0c257662380ae92a3b0bf642,2292,markdown_prose,UNREAD,,,,,,,
current_tree,a37423639f7dabb0dfd55c8656d4689bb8a25351,runs/active/BODHGAYA-DISCOVERY-001/GOUD/EXCLUSION_REPORT.md,c682bd9940741e89d49e194d909592fba6b25013,2774,markdown_prose,UNREAD,,,,,,,
current_tree,a37423639f7dabb0dfd55c8656d4689bb8a25351,runs/active/BODHGAYA-DISCOVERY-001/GOUD/MARK_SELECTION_REPORT.md,05bf904cfced8d3a9b0d457e6e35736ff6903a9c,71978,markdown_prose,UNREAD,,,,,,,
current_tree,a37423639f7dabb0dfd55c8656d4689bb8a25351,runs/active/BODHGAYA-DISCOVERY-001/GOUD/USER/BODHGAYA_046_049_KEUZE_REISGIDS.pdf,17b8b9d314af80e33e83f923612de0bc55b58268,13136,generated_pdf,CLASSIFIED_DERIVED_DUPLICATE,,LOW,DUPLICATE,,,,
current_tree,a37423639f7dabb0dfd55c8656d4689bb8a25351,runs/active/BODHGAYA-DISCOVERY-001/GOUD/USER/BODHGAYA_046_058_KEUZE_REISGIDS.pdf,c03b26d7510ea3a358f010087a8b8472a3ec6b40,36338,generated_pdf,CLASSIFIED_DERIVED_DUPLICATE,,LOW,DUPLICATE,,,,
current_tree,a37423639f7dabb0dfd55c8656d4689bb8a25351,runs/active/BODHGAYA-DISCOVERY-001/GOUD/USER/DELTA_REVIEW_2026-08-08.md,3006c8b6d6525705534336492ee102fbcbb0db23,4523,markdown_prose,UNREAD,,,,,,,
current_tree,a37423639f7dabb0dfd55c8656d4689bb8a25351,runs/active/BODHGAYA-DISCOVERY-001/GOUD/USER/PRE_PDF_CONTENT.md,7d7b577080f03c5d90cbc08401b68888d31ea4c8,40742,markdown_prose,UNREAD,,,,,,,
current_tree,a37423639f7dabb0dfd55c8656d4689bb8a25351,runs/active/BODHGAYA-DISCOVERY-001/GOUD/USER/V1_BODHGAYA_KEUZE_REISGIDS.pdf,0115940fce536485130594ce11d3231f2342bd40,47774,generated_pdf,CLASSIFIED_DERIVED_DUPLICATE,,LOW,DUPLICATE,,,,
current_tree,a37423639f7dabb0dfd55c8656d4689bb8a25351,runs/active/BODHGAYA-DISCOVERY-001/GOUD/USER/build_pdf.py,764c0888188ad057104cd8c5d6c6a3fab10ffb47,52543,script,UNREAD,,,,,,,
current_tree,a37423639f7dabb0dfd55c8656d4689bb8a25351,runs/active/BODHGAYA-DISCOVERY-001/MARK_DECISIONS_2026-08-05.jsonl,a3a69ab9df0fa3e700dae2c7bd7241dddb6b9433,768,structured_data,UNREAD,,,,,,,
current_tree,a37423639f7dabb0dfd55c8656d4689bb8a25351,runs/active/BODHGAYA-DISCOVERY-001/MARK_DECISIONS_2026-08-08.jsonl,09a19f2e4856b73c83bcc00ee9d9321aef899fa2,3337,structured_data,UNREAD,,,,,,,
current_tree,a37423639f7dabb0dfd55c8656d4689bb8a25351,runs/active/BODHGAYA-DISCOVERY-001/MARK_DECISIONS_2026-08-08_DELTA.jsonl,15c228baac295e5fdc1231f372ed54773c4af4cd,1463,structured_data,UNREAD,,,,,,,
current_tree,a37423639f7dabb0dfd55c8656d4689bb8a25351,runs/active/BODHGAYA-DISCOVERY-001/NUMBERING_REGISTRY.jsonl,fe03dcbb10cfd135b641c5ec03de6d226f90a29e,7348,structured_data,UNREAD,,,,,,,
current_tree,a37423639f7dabb0dfd55c8656d4689bb8a25351,runs/active/BODHGAYA-DISCOVERY-001/PRE_BRONS/AOAY_TOP11_AUDIT.md,e98e5f298e2af109552ea32bdb6bb7b99dd30ff1,13926,markdown_prose,UNREAD,,,,,,,
current_tree,a37423639f7dabb0dfd55c8656d4689bb8a25351,runs/active/BODHGAYA-DISCOVERY-001/PRE_BRONS/COMPARATIVE_PRUNING_REPORT.md,f39d57f1a864438ae7b7159dc8770534d297422c,14580,markdown_prose,UNREAD,,,,,,,
current_tree,a37423639f7dabb0dfd55c8656d4689bb8a25351,runs/active/BODHGAYA-DISCOVERY-001/PRE_BRONS/DISCOVERY_CANDIDATES.jsonl,b2fab65190958eef531efcf4dafc4400d61ae0f4,69260,structured_data,UNREAD,,,,,,,
current_tree,a37423639f7dabb0dfd55c8656d4689bb8a25351,runs/active/BODHGAYA-DISCOVERY-001/PRE_BRONS/DISCOVERY_LOG.md,9a826f2e3933b39656f475c44d48d84fe2c4e7a8,10957,markdown_prose,UNREAD,,,,,,,
current_tree,a37423639f7dabb0dfd55c8656d4689bb8a25351,runs/active/BODHGAYA-DISCOVERY-001/PRE_BRONS/DISCOVERY_REPORT.md,01c928dac540f7c718b2f0ad8e7cae0aa4971ef3,21337,markdown_prose,UNREAD,,,,,,,
current_tree,a37423639f7dabb0dfd55c8656d4689bb8a25351,runs/active/BODHGAYA-DISCOVERY-001/PRE_BRONS/PRE_BRONS_DETECTORS.jsonl,9d1a7d47312a542eb7788aeb755d4d66625f957d,10190,structured_data,UNREAD,,,,,,,
current_tree,a37423639f7dabb0dfd55c8656d4689bb8a25351,runs/active/BODHGAYA-DISCOVERY-001/PRE_BRONS/REGION_CONTENT_BRIEF.json,a0f0d8d345eb2a2aae99ed0536693ad7479f95cc,7087,structured_data,UNREAD,,,,,,,
current_tree,a37423639f7dabb0dfd55c8656d4689bb8a25351,runs/active/BODHGAYA-DISCOVERY-001/PRE_BRONS/REGION_CONTENT_BRIEF.md,89a3cfdd16755ab027df14b85116e2cca9c55e62,8487,markdown_prose,UNREAD,,,,,,,
current_tree,a37423639f7dabb0dfd55c8656d4689bb8a25351,runs/active/BODHGAYA-DISCOVERY-001/PRE_BRONS/SATURATION_ACCEPTANCE.md,6932148e556ec8609086f1b5c6854eb5d6f2c58b,896,markdown_prose,UNREAD,,,,,,,
current_tree,a37423639f7dabb0dfd55c8656d4689bb8a25351,runs/active/BODHGAYA-DISCOVERY-001/PRE_BRONS/SATURATION_REPORT.md,55200c743a2953ae55bf8e67513a2a0e1d028fa5,12287,markdown_prose,UNREAD,,,,,,,
current_tree,a37423639f7dabb0dfd55c8656d4689bb8a25351,runs/active/BODHGAYA-DISCOVERY-001/PRE_BRONS/SATURATION_REPORT_002.md,04c7afcfc618daf8274b1eaa625ade83f48f677e,10092,markdown_prose,UNREAD,,,,,,,
current_tree,a37423639f7dabb0dfd55c8656d4689bb8a25351,runs/active/BODHGAYA-DISCOVERY-001/PRE_BRONS/SATURATION_REPORT_003_ADDENDUM.md,fa483a5f638f1259f3b200d72209eaaf0493210e,7352,markdown_prose,UNREAD,,,,,,,
current_tree,a37423639f7dabb0dfd55c8656d4689bb8a25351,runs/active/BODHGAYA-DISCOVERY-001/PRE_BRONS/SOURCE_FAMILY_PLAN.jsonl,dacddc7a3186d3331828872ececc23dd5cb755db,2413,structured_data,UNREAD,,,,,,,
current_tree,a37423639f7dabb0dfd55c8656d4689bb8a25351,runs/active/BODHGAYA-DISCOVERY-001/WATCHLIST.jsonl,ea547ef9627c5082e704f1b97631d9b10e0c2813,7153,structured_data,UNREAD,,,,,,,
current_tree,a37423639f7dabb0dfd55c8656d4689bb8a25351,runs/active/BODHGAYA-DISCOVERY-001/ZILVER/IDENTITY_CHECK_DAIJOKYO_VS_INDOSAN_NIPPON.md,218b16cadb23e4dbbab67b3736bde231182b1f6a,4366,markdown_prose,UNREAD,,,,,,,
current_tree,a37423639f7dabb0dfd55c8656d4689bb8a25351,runs/active/BODHGAYA-DISCOVERY-001/ZILVER/ZILVER-Z01.jsonl,a401856e5e1ec910ebef9b984689deb3650600fd,9245,structured_data,UNREAD,,,,,,,
current_tree,a37423639f7dabb0dfd55c8656d4689bb8a25351,runs/active/BODHGAYA-DISCOVERY-001/ZILVER/ZILVER_REPORT.md,400c8e3def2c31eeba623c9cd07d02fb74cebbf1,3715,markdown_prose,UNREAD,,,,,,,
current_tree,a37423639f7dabb0dfd55c8656d4689bb8a25351,runs/active/BODHGAYA-DISCOVERY-001/ZILVER/ZILVER_Z02_GEO_ATTEMPT.md,14927ef41a499b2590628aa450ce0d8729de3690,4044,markdown_prose,UNREAD,,,,,,,
current_tree,a37423639f7dabb0dfd55c8656d4689bb8a25351,runs/active/GAYA-AIRPORT-BODHGAYA-CORRIDOR-001/RESULT.md,9647c0d9912575c4b7166bbf4bce1796c5763389,16881,markdown_prose,UNREAD,,,,,,,
current_tree,a37423639f7dabb0dfd55c8656d4689bb8a25351,runs/active/GAYA-AIRPORT-BODHGAYA-CORRIDOR-001/STATUS.md,33c0a2a9a36b15bb12824cae8c22a9e5a0691e35,1614,markdown_prose,UNREAD,,,,,,,
current_tree,a37423639f7dabb0dfd55c8656d4689bb8a25351,runs/active/GAYA-AIRPORT-BODHGAYA-CORRIDOR-001/TASK.md,5cab8f77243eb6887d2a450ef00a4a1d21ea639d,3347,markdown_prose,UNREAD,,,,,,,
current_tree,a37423639f7dabb0dfd55c8656d4689bb8a25351,runs/active/INDIA10-BOOKING-SEQUENCE-CLOSURE-001/BOOKING_ACTION_BOARD.md,c6f660026517f45aa4e0904a2923e2909407237a,10457,markdown_prose,UNREAD,,,,,,,
current_tree,a37423639f7dabb0dfd55c8656d4689bb8a25351,runs/active/INDIA10-BOOKING-SEQUENCE-CLOSURE-001/STATUS.md,b411b2d2920c88d8e212b1ddd7429ed61cebc207,1354,markdown_prose,UNREAD,,,,,,,
current_tree,a37423639f7dabb0dfd55c8656d4689bb8a25351,runs/active/INDIA10-CLUSTER-COVERAGE-REAUDIT-001/AGRA_A_PLUS_MARK_SELECTION_SLICE.md,53a66f27719a06c3fd8fbcac2a3423d268b89052,13385,markdown_prose,UNREAD,,,,,,,
current_tree,a37423639f7dabb0dfd55c8656d4689bb8a25351,runs/active/INDIA10-CLUSTER-COVERAGE-REAUDIT-001/AGRA_PREP_PACKET_2026-08-27.md,9b3a01682aea16b5be26d847dbdbd1656ee561e5,9247,markdown_prose,UNREAD,,,,,,,
current_tree,a37423639f7dabb0dfd55c8656d4689bb8a25351,runs/active/INDIA10-CLUSTER-COVERAGE-REAUDIT-001/ASSISTANT_PROPOSED_A_PLUS_FOR_MARK_REVIEW.md,eea968b4626bde438cd4267a444e8b1f09399216,5816,markdown_prose,UNREAD,,,,,,,
current_tree,a37423639f7dabb0dfd55c8656d4689bb8a25351,runs/active/INDIA10-CLUSTER-COVERAGE-REAUDIT-001/A_PLUS_MARK_DECISION_LOG.md,e1ede1a8e3a2b9deeedaebadef80026e25594813,11093,markdown_prose,UNREAD,,,,,,,
current_tree,a37423639f7dabb0dfd55c8656d4689bb8a25351,runs/active/INDIA10-CLUSTER-COVERAGE-REAUDIT-001/A_PLUS_MARK_REVIEW_INDEX.md,652069629b99d6f9b8738e38fc2ba62b7f3d516b,3541,markdown_prose,UNREAD,,,,,,,
current_tree,a37423639f7dabb0dfd55c8656d4689bb8a25351,runs/active/INDIA10-CLUSTER-COVERAGE-REAUDIT-001/A_PLUS_PROXIMITY_DECISION_MODEL.md,9b44f8e55faf678636a1ff5ecbb9c582a8db6b1c,5864,markdown_prose,UNREAD,,,,,,,
current_tree,a37423639f7dabb0dfd55c8656d4689bb8a25351,runs/active/INDIA10-CLUSTER-COVERAGE-REAUDIT-001/A_PLUS_WALK_COVERAGE_MATRIX_2026-08-25.md,c73f78305a55a17500cbd1a61ffbe70e74a50002,11193,markdown_prose,UNREAD,,,,,,,
current_tree,a37423639f7dabb0dfd55c8656d4689bb8a25351,runs/active/INDIA10-CLUSTER-COVERAGE-REAUDIT-001/BABAJI_DUNAGIRI_RETREAT_LOCKED_ACCOMMODATION_2026-08-25.md,0c332f234a999d5ad0eb44ae2d865583580fa0cb,6615,markdown_prose,UNREAD,,,,,,,
current_tree,a37423639f7dabb0dfd55c8656d4689bb8a25351,runs/active/INDIA10-CLUSTER-COVERAGE-REAUDIT-001/BABAJI_DUNAGIRI_RETREAT_WALK_HUB_CORRECTION_2026-08-25.md,e886767a556797cba726067edda893eb56d19809,6721,markdown_prose,UNREAD,,,,,,,
current_tree,a37423639f7dabb0dfd55c8656d4689bb8a25351,runs/active/INDIA10-CLUSTER-COVERAGE-REAUDIT-001/BHRIGU_BHADURY_A_PLUS_OPERATIONAL_CLOSURE_2026-08-27.md,67360bdd6b50db3ce45f2977b96cb9cc544739c8,12114,markdown_prose,UNREAD,,,,,,,
current_tree,a37423639f7dabb0dfd55c8656d4689bb8a25351,runs/active/INDIA10-CLUSTER-COVERAGE-REAUDIT-001/BHRIGU_SAMHITA_MARK_WISH_RECOVERY_2026-08-27.md,ef9c62ba677705fd3fafffe3894077d2697fb954,6546,markdown_prose,UNREAD,,,,,,,
current_tree,a37423639f7dabb0dfd55c8656d4689bb8a25351,runs/active/INDIA10-CLUSTER-COVERAGE-REAUDIT-001/BODHGAYA_A_PLUS_CORRIDOR_MATRIX.md,4e6a343c2434fbd69a3120bd016b8fca83ed04d3,2645,markdown_prose,UNREAD,,,,,,,
current_tree,a37423639f7dabb0dfd55c8656d4689bb8a25351,runs/active/INDIA10-CLUSTER-COVERAGE-REAUDIT-001/BODHGAYA_GAYA_A_PLUS_MARK_SELECTION_SLICE.md,a8aa081a59cc20638af76cd396852dfd3cef4074,5796,markdown_prose,UNREAD,,,,,,,
current_tree,a37423639f7dabb0dfd55c8656d4689bb8a25351,runs/active/INDIA10-CLUSTER-COVERAGE-REAUDIT-001/BODHGAYA_HISTORICAL_BASE_DWELL_RECOVERY_2026-08-27.md,8f77db6f6f91e025bece76c829db2b62b5719ed4,1757,markdown_prose,UNREAD,,,,,,,
current_tree,a37423639f7dabb0dfd55c8656d4689bb8a25351,runs/active/INDIA10-CLUSTER-COVERAGE-REAUDIT-001/BODHGAYA_INDIA12_BOUNDED_CURRENT_CHECK_2026-08-27.md,48aedd751d466c221995f950951c19c5245378d9,8386,markdown_prose,UNREAD,,,,,,,
current_tree,a37423639f7dabb0dfd55c8656d4689bb8a25351,runs/active/INDIA10-CLUSTER-COVERAGE-REAUDIT-001/BODHGAYA_PREP_PACKET_2026-08-27.md,a700dbfe383b8de5a0ceb6791da454b2b97da7bd,11683,markdown_prose,UNREAD,,,,,,,
current_tree,a37423639f7dabb0dfd55c8656d4689bb8a25351,runs/active/INDIA10-CLUSTER-COVERAGE-REAUDIT-001/BODHGAYA_STRICT_LP_LAYER_GATE_2026-08-27.md,aeb1111e9edcd71bf8ba49f4085bdcc6d526dc77,5360,markdown_prose,UNREAD,,,,,,,
current_tree,a37423639f7dabb0dfd55c8656d4689bb8a25351,runs/active/INDIA10-CLUSTER-COVERAGE-REAUDIT-001/BRAJ_A_PLUS_GATE_PREP_2026-08-26.md,e34160a20d6803a072674f7556146975537d65a1,6419,markdown_prose,UNREAD,,,,,,,
current_tree,a37423639f7dabb0dfd55c8656d4689bb8a25351,runs/active/INDIA10-CLUSTER-COVERAGE-REAUDIT-001/BRAJ_A_PLUS_GATE_RECONCILIATION_2026-08-26.md,4465b0b190a42a9be9429d25a388d9b968db6820,5587,markdown_prose,UNREAD,,,,,,,
current_tree,a37423639f7dabb0dfd55c8656d4689bb8a25351,runs/active/INDIA10-CLUSTER-COVERAGE-REAUDIT-001/BRAJ_A_PLUS_MARK_SELECTION_SLICE.md,41dc6cf589850dc31797a34d9b442e0004220f6f,5824,markdown_prose,UNREAD,,,,,,,
current_tree,a37423639f7dabb0dfd55c8656d4689bb8a25351,runs/active/INDIA10-CLUSTER-COVERAGE-REAUDIT-001/CLUSTER_TOPOLOGY_FEASIBILITY_2026-08-25.md,82d6dbd9e1d64e8a6997ac18e6e2c8cafa4481db,13307,markdown_prose,UNREAD,,,,,,,
current_tree,a37423639f7dabb0dfd55c8656d4689bb8a25351,runs/active/INDIA10-CLUSTER-COVERAGE-REAUDIT-001/CLUSTER_TOPOLOGY_QUANTIFIED_DELTA_2026-08-26.md,4e1ba4dc2ed0e070d7847b467c7806316df44d1c,7157,markdown_prose,UNREAD,,,,,,,
current_tree,a37423639f7dabb0dfd55c8656d4689bb8a25351,runs/active/INDIA10-CLUSTER-COVERAGE-REAUDIT-001/COVERAGE_MATRIX.md,d1904eb6c7a89312e55962b5be3dd407dff07105,4645,markdown_prose,UNREAD,,,,,,,
current_tree,a37423639f7dabb0dfd55c8656d4689bb8a25351,runs/active/INDIA10-CLUSTER-COVERAGE-REAUDIT-001/CURRENT_A_PROMOTION_CHECKLIST_USER_FACING.md,bf2bba94097e6ea2b88b3de1184e6e986170fc16,4069,markdown_prose,UNREAD,,,,,,,
current_tree,a37423639f7dabb0dfd55c8656d4689bb8a25351,runs/active/INDIA10-CLUSTER-COVERAGE-REAUDIT-001/CURRENT_OLD_A_MARK_DECISION_CARDS.md,7b940719b4b59c1e0fabb09cd8be354a58c1a586,22281,markdown_prose,UNREAD,,,,,,,
current_tree,a37423639f7dabb0dfd55c8656d4689bb8a25351,runs/active/INDIA10-CLUSTER-COVERAGE-REAUDIT-001/CURRENT_OLD_A_PROMOTION_MASTER.md,1c0425a9c7d78aed3a7bea420ab6b9bd5b2ac9e0,4246,markdown_prose,UNREAD,,,,,,,
current_tree,a37423639f7dabb0dfd55c8656d4689bb8a25351,runs/active/INDIA10-CLUSTER-COVERAGE-REAUDIT-001/DELHI_A_PLUS_MARK_SELECTION_SLICE.md,7ed90a4308b7cb35d295e7380393c876bbdc395f,3882,markdown_prose,UNREAD,,,,,,,
current_tree,a37423639f7dabb0dfd55c8656d4689bb8a25351,runs/active/INDIA10-CLUSTER-COVERAGE-REAUDIT-001/DELHI_PREP_PACKET_2026-08-27.md,8d8c1d57825af564c7be05412197ae12a69a91d1,8062,markdown_prose,UNREAD,,,,,,,
current_tree,a37423639f7dabb0dfd55c8656d4689bb8a25351,runs/active/INDIA10-CLUSTER-COVERAGE-REAUDIT-001/DWARAHAT_YSS_FULL_DAY_PLAN_2026-08-25.md,826b87c26f6b8e6b93ed247f2a507d1bcc2973f9,3680,markdown_prose,UNREAD,,,,,,,
current_tree,a37423639f7dabb0dfd55c8656d4689bb8a25351,runs/active/INDIA10-CLUSTER-COVERAGE-REAUDIT-001/DWARAHAT_YSS_HALF_DAY_BUNDLE_2026-08-25.md,c54817ddb61eeb79cb27b62d791f52a6ac71c508,1061,markdown_prose,UNREAD,,,,,,,
current_tree,a37423639f7dabb0dfd55c8656d4689bb8a25351,runs/active/INDIA10-CLUSTER-COVERAGE-REAUDIT-001/EASY_CAPTURE_MARK_DECISIONS_2026-08-24.md,acd3bddb94616ed9d890efa9b4f5de4cf3234766,2984,markdown_prose,UNREAD,,,,,,,
current_tree,a37423639f7dabb0dfd55c8656d4689bb8a25351,runs/active/INDIA10-CLUSTER-COVERAGE-REAUDIT-001/FIXED_CORE_A_PLUS_ANCHOR_SELECTION_MASTER.md,2e1799ce8882f0030d0c8b4842ff4f6215c17045,3296,markdown_prose,UNREAD,,,,,,,
current_tree,a37423639f7dabb0dfd55c8656d4689bb8a25351,runs/active/INDIA10-CLUSTER-COVERAGE-REAUDIT-001/FIXED_CORE_OLD_A_EASY_CAPTURE_PASS_2026-08-24.md,05f103f924d44a435ea1add9719b5c9b5bf2bc4f,2269,markdown_prose,UNREAD,,,,,,,
current_tree,a37423639f7dabb0dfd55c8656d4689bb8a25351,runs/active/INDIA10-CLUSTER-COVERAGE-REAUDIT-001/FIXED_CORE_OLD_A_HARD_CUT_PASS_2026-08-24.md,473be374d1089061e3b27af8e1fb556cf221d574,3659,markdown_prose,UNREAD,,,,,,,
current_tree,a37423639f7dabb0dfd55c8656d4689bb8a25351,runs/active/INDIA10-CLUSTER-COVERAGE-REAUDIT-001/FIXED_CORE_TIME_FOOTPRINT_AUDIT_2026-08-26.md,b7da54ab4f9d6d3a04c8f670427243b0d70618b4,4833,markdown_prose,UNREAD,,,,,,,
current_tree,a37423639f7dabb0dfd55c8656d4689bb8a25351,runs/active/INDIA10-CLUSTER-COVERAGE-REAUDIT-001/FIXED_DATE_COLLISION_MATRIX.md,a876c7aad325cdbf43d8d4d76d8d53171bcbc37c,4007,markdown_prose,UNREAD,,,,,,,
current_tree,a37423639f7dabb0dfd55c8656d4689bb8a25351,runs/active/INDIA10-CLUSTER-COVERAGE-REAUDIT-001/GLOBAL_TRANSFER_FIRST_REALITY_CHECK_2026-08-25.md,528267d38ce62e8e084f5df0a456448f75c732bf,4327,markdown_prose,UNREAD,,,,,,,
current_tree,a37423639f7dabb0dfd55c8656d4689bb8a25351,runs/active/INDIA10-CLUSTER-COVERAGE-REAUDIT-001/GLOBAL_TRANSFER_LEDGER_2026-08-25.md,9c035fa1eed8a115bbe4df35c985ec9ec78027f9,5410,markdown_prose,UNREAD,,,,,,,
current_tree,a37423639f7dabb0dfd55c8656d4689bb8a25351,runs/active/INDIA10-CLUSTER-COVERAGE-REAUDIT-001/HARIDWAR_RISHIKESH_A_PLUS_MARK_SELECTION_SLICE.md,bbf2f159167a3e0d00fa80063504d70463555b2d,6618,markdown_prose,UNREAD,,,,,,,
current_tree,a37423639f7dabb0dfd55c8656d4689bb8a25351,runs/active/INDIA10-CLUSTER-COVERAGE-REAUDIT-001/INDIA11_ROUTE_TOPOLOGY_CHECKPOINT_2026-08-26.md,e6ad9241ba9fd250a0d80850dee9f79bf6898a1e,8098,markdown_prose,UNREAD,,,,,,,
current_tree,a37423639f7dabb0dfd55c8656d4689bb8a25351,runs/active/INDIA10-CLUSTER-COVERAGE-REAUDIT-001/INDIA11_TO_INDIA12_HOT_HANDOFF_2026-08-27.md,464ef934a8e5c3e873160613ca5a83420d91e801,23236,markdown_prose,UNREAD,,,,,,,
current_tree,a37423639f7dabb0dfd55c8656d4689bb8a25351,runs/active/INDIA10-CLUSTER-COVERAGE-REAUDIT-001/INDIA12_RECOVERY_CANON_RECONCILIATION_2026-08-28.md,02ad9e0680949d4ef532893509089588a337fac4,7278,markdown_prose,UNREAD,,,,,,,
current_tree,a37423639f7dabb0dfd55c8656d4689bb8a25351,runs/active/INDIA10-CLUSTER-COVERAGE-REAUDIT-001/KOMOOT_BLAUW_INGEST_2026-08-25.md,b5c075644d2bc8bf9e487f8849360fc680ed54f5,3468,markdown_prose,UNREAD,,,,,,,
current_tree,a37423639f7dabb0dfd55c8656d4689bb8a25351,runs/active/INDIA10-CLUSTER-COVERAGE-REAUDIT-001/KOMOOT_COLOR_FIXED_CORE_INGEST_2026-08-26.md,ef32897c2088afc4e490f95527ced51578f44b2f,9266,markdown_prose,UNREAD,,,,,,,
current_tree,a37423639f7dabb0dfd55c8656d4689bb8a25351,runs/active/INDIA10-CLUSTER-COVERAGE-REAUDIT-001/KOMOOT_COLOR_INGEST_TRACKER_2026-08-25.md,d9c171b13e9ba899d8a819bd0d15bfd298c8f36b,2446,markdown_prose,UNREAD,,,,,,,
current_tree,a37423639f7dabb0dfd55c8656d4689bb8a25351,runs/active/INDIA10-CLUSTER-COVERAGE-REAUDIT-001/KOMOOT_COLOR_WORKER_START_PROMPTS_2026-08-25.md,56f0f7102ebeb04ba814b8cd9a2d3081d3c36bdb,12396,markdown_prose,UNREAD,,,,,,,
current_tree,a37423639f7dabb0dfd55c8656d4689bb8a25351,runs/active/INDIA10-CLUSTER-COVERAGE-REAUDIT-001/KOMOOT_WALK_DISCOVERY_LAYER_2026-08-25.md,92c18a7329c7019a000b91697515b4f00d352b47,13026,markdown_prose,UNREAD,,,,,,,
current_tree,a37423639f7dabb0dfd55c8656d4689bb8a25351,runs/active/INDIA10-CLUSTER-COVERAGE-REAUDIT-001/KUMAON_A_PLUS_CORRIDOR_MATRIX.md,a4af55a22316e0c556f33a2e8871f662605b5bba,5378,markdown_prose,UNREAD,,,,,,,
current_tree,a37423639f7dabb0dfd55c8656d4689bb8a25351,runs/active/INDIA10-CLUSTER-COVERAGE-REAUDIT-001/KUMAON_A_PLUS_MARK_SELECTION_SLICE.md,a61404b066110cb4e42eb4ff0b05f4a50b8d614c,7112,markdown_prose,UNREAD,,,,,,,
current_tree,a37423639f7dabb0dfd55c8656d4689bb8a25351,runs/active/INDIA10-CLUSTER-COVERAGE-REAUDIT-001/KUMAON_COMPLETE_EXECUTION_DRAFT_2026-08-26.md,697be8c0c3f2d181fe16175def1daf98e82b481c,11025,markdown_prose,UNREAD,,,,,,,
current_tree,a37423639f7dabb0dfd55c8656d4689bb8a25351,runs/active/INDIA10-CLUSTER-COVERAGE-REAUDIT-001/KUMAON_CORRIDOR_MARK_DECISION_2026-08-24.md,b2ca6a66a86568963427ed75807b3cff5b42d13a,3162,markdown_prose,UNREAD,,,,,,,
current_tree,a37423639f7dabb0dfd55c8656d4689bb8a25351,runs/active/INDIA10-CLUSTER-COVERAGE-REAUDIT-001/KUMAON_CORRIDOR_RECOMMENDATION_2026-08-24.md,871627b347bb052e3113074fa271b2e3e24bb833,2525,markdown_prose,UNREAD,,,,,,,
current_tree,a37423639f7dabb0dfd55c8656d4689bb8a25351,runs/active/INDIA10-CLUSTER-COVERAGE-REAUDIT-001/KUMAON_DURATION_MARK_DECISION_2026-08-27.md,b5bc19862e55dee1adf8e848dfc2a314c9ea6394,1905,markdown_prose,UNREAD,,,,,,,
current_tree,a37423639f7dabb0dfd55c8656d4689bb8a25351,runs/active/INDIA10-CLUSTER-COVERAGE-REAUDIT-001/KUMAON_EASY_CAPTURE_MARK_DECISIONS_2026-08-25.md,514c3bb9a40b50e3ad03e394787da8f81edf36fd,5471,markdown_prose,UNREAD,,,,,,,
current_tree,a37423639f7dabb0dfd55c8656d4689bb8a25351,runs/active/INDIA10-CLUSTER-COVERAGE-REAUDIT-001/KUMAON_FINAL_OPEN_SURVIVOR_MARK_DECISIONS_2026-08-26.md,88f37ba25b1ecf0cbeb081555c94511965b0e6ca,2068,markdown_prose,UNREAD,,,,,,,
current_tree,a37423639f7dabb0dfd55c8656d4689bb8a25351,runs/active/INDIA10-CLUSTER-COVERAGE-REAUDIT-001/KUMAON_TRAVELER_EASY_CAPTURE_PASS_2026-08-24.md,ac368bd53dcd704a04c8f6ebd971c5561a90b8ab,3888,markdown_prose,UNREAD,,,,,,,
current_tree,a37423639f7dabb0dfd55c8656d4689bb8a25351,runs/active/INDIA10-CLUSTER-COVERAGE-REAUDIT-001/KUMAON_TRAVELER_HARD_CUT_MARK_DECISIONS_2026-08-24.md,a53aa62991b3e6ece82550d9a1821a695ab9daa6,1261,markdown_prose,UNREAD,,,,,,,
current_tree,a37423639f7dabb0dfd55c8656d4689bb8a25351,runs/active/INDIA10-CLUSTER-COVERAGE-REAUDIT-001/KUMAON_TRAVELER_NEXT_CAPTURE_PASS_2026-08-25.md,104bd60a7fa7d6b1a024c6ad8cfd5fdda075420f,4811,markdown_prose,UNREAD,,,,,,,
current_tree,a37423639f7dabb0dfd55c8656d4689bb8a25351,runs/active/INDIA10-CLUSTER-COVERAGE-REAUDIT-001/KUMAON_TRAVELER_SECOND_MARK_DECISIONS_2026-08-25.md,056ad76701c34031dc6ef5555c915f5be423d682,2130,markdown_prose,UNREAD,,,,,,,
current_tree,a37423639f7dabb0dfd55c8656d4689bb8a25351,runs/active/INDIA10-CLUSTER-COVERAGE-REAUDIT-001/KUMAON_WALKING_BOARD_2026-08-25.md,55bbcdd605571b1d1d5917063feccb8ae58d35af,5999,markdown_prose,UNREAD,,,,,,,
current_tree,a37423639f7dabb0dfd55c8656d4689bb8a25351,runs/active/INDIA10-CLUSTER-COVERAGE-REAUDIT-001/OLD_A_PROMOTION_DISTANCE_CONTEXT.md,93af87e56a12a2b0997544bd65ce0877261cfb9f,6275,markdown_prose,UNREAD,,,,,,,
current_tree,a37423639f7dabb0dfd55c8656d4689bb8a25351,runs/active/INDIA10-CLUSTER-COVERAGE-REAUDIT-001/OOSTENRIJK_METHOD_TRANSFER_TO_INDIA_2026-08-25.md,88d5c685c520106516ec9807ec4c36840d019552,9336,markdown_prose,UNREAD,,,,,,,
current_tree,a37423639f7dabb0dfd55c8656d4689bb8a25351,runs/active/INDIA10-CLUSTER-COVERAGE-REAUDIT-001/OUT_OF_RADIUS_WORLD_MAGNET_A_PLUS_CHALLENGERS.md,a3ccf4f39ac0ca9832135614eff20afa4a042477,4004,markdown_prose,UNREAD,,,,,,,
current_tree,a37423639f7dabb0dfd55c8656d4689bb8a25351,runs/active/INDIA10-CLUSTER-COVERAGE-REAUDIT-001/PRAYAGRAJ_A_PLUS_MARK_SELECTION_SLICE.md,e2038aace7c7d4cbf41b4ab4ce3ebc4e50311fc5,5141,markdown_prose,UNREAD,,,,,,,
current_tree,a37423639f7dabb0dfd55c8656d4689bb8a25351,runs/active/INDIA10-CLUSTER-COVERAGE-REAUDIT-001/PRE_A_PLUS_AUTONOMOUS_PREWORK.md,354b85d63cdb3f7323881e0c8f5999354a8efcc7,8284,markdown_prose,UNREAD,,,,,,,
current_tree,a37423639f7dabb0dfd55c8656d4689bb8a25351,runs/active/INDIA10-CLUSTER-COVERAGE-REAUDIT-001/REMAINING_FIXED_CORES_CCI_PREP_TASK_2026-08-27.md,364b48cf6003c34d50ae0f734a20281448ff69f9,3145,markdown_prose,UNREAD,,,,,,,
current_tree,a37423639f7dabb0dfd55c8656d4689bb8a25351,runs/active/INDIA10-CLUSTER-COVERAGE-REAUDIT-001/REMAINING_FIXED_CORES_PREP_CONTROLLER_2026-08-27.md,8fefeb40db5f03c688c72861d1a587acb22cfca7,12681,markdown_prose,UNREAD,,,,,,,
current_tree,a37423639f7dabb0dfd55c8656d4689bb8a25351,runs/active/INDIA10-CLUSTER-COVERAGE-REAUDIT-001/ROUTE_PLANNING_SYSTEM_CORRECTION_2026-08-25.md,f76ffa1f812c336eb95f8a4963ba36c5c307bfda,3536,markdown_prose,UNREAD,,,,,,,
current_tree,a37423639f7dabb0dfd55c8656d4689bb8a25351,runs/active/INDIA10-CLUSTER-COVERAGE-REAUDIT-001/ROUTE_TOPOLOGY_SUCCESSOR_CHECKPOINT_2026-08-25.md,c48047bb95e38f81ef8281cd7ba5c326856cb4fe,6890,markdown_prose,UNREAD,,,,,,,
current_tree,a37423639f7dabb0dfd55c8656d4689bb8a25351,runs/active/INDIA10-CLUSTER-COVERAGE-REAUDIT-001/SARNATH_VISIT_GUIDANCE_AND_UNESCO_LABEL_2026-08-27.md,e935823d5e62901b5093dfedc1fd7fff1607e84d,3795,markdown_prose,UNREAD,,,,,,,
current_tree,a37423639f7dabb0dfd55c8656d4689bb8a25351,runs/active/INDIA10-CLUSTER-COVERAGE-REAUDIT-001/SELECTED_A_PLUS_ANCHOR_IDENTITY_BASELINE.md,610f9df8c77e5dffa8b952741b67e1849dc2ae6a,3363,markdown_prose,UNREAD,,,,,,,
current_tree,a37423639f7dabb0dfd55c8656d4689bb8a25351,runs/active/INDIA10-CLUSTER-COVERAGE-REAUDIT-001/TIRUVANNAMALAI_A_PLUS_MARK_SELECTION_SLICE.md,5024fd14bff567f4fe0eda4e1fd9bc1b5436c31f,6175,markdown_prose,UNREAD,,,,,,,
current_tree,a37423639f7dabb0dfd55c8656d4689bb8a25351,runs/active/INDIA10-CLUSTER-COVERAGE-REAUDIT-001/TIRUVANNAMALAI_PREP_PACKET_2026-08-27.md,1a4171923256cb16d1154c09ecc6d7344007a033,10806,markdown_prose,UNREAD,,,,,,,
current_tree,a37423639f7dabb0dfd55c8656d4689bb8a25351,runs/active/INDIA10-CLUSTER-COVERAGE-REAUDIT-001/TRAVELER_OVERLAY_CORRIDOR_PASS_2026-08-24.md,ae1d1fa63f81088355cc2cc5eef27964ad2f8652,8547,markdown_prose,UNREAD,,,,,,,
current_tree,a37423639f7dabb0dfd55c8656d4689bb8a25351,runs/active/INDIA10-CLUSTER-COVERAGE-REAUDIT-001/TRAVEL_TIME_INTEGRITY_AUDIT_2026-08-25.md,7a44001bd766594b72b838f599e91c3cb5995a45,8156,markdown_prose,UNREAD,,,,,,,
current_tree,a37423639f7dabb0dfd55c8656d4689bb8a25351,runs/active/INDIA10-CLUSTER-COVERAGE-REAUDIT-001/TRIP_PLANNING_META_CONTROLLER_2026-08-26.md,bc0f2abd850e4f50177f1f7efec5b7c065dfd055,12768,markdown_prose,UNREAD,,,,,,,
current_tree,a37423639f7dabb0dfd55c8656d4689bb8a25351,runs/active/INDIA10-CLUSTER-COVERAGE-REAUDIT-001/TRIP_PLANNING_META_CONTROLLER_MARK_APPROVAL_2026-08-26.md,40e28a594334cd89acf0c97cb25a18263fde853b,2485,markdown_prose,UNREAD,,,,,,,
current_tree,a37423639f7dabb0dfd55c8656d4689bb8a25351,runs/active/INDIA10-CLUSTER-COVERAGE-REAUDIT-001/UNESCO_AUDIT_DELEGATION_2026-08-27.md,e6f7c354b5a5578266e62c8322aa6c5360b32b6b,2700,markdown_prose,UNREAD,,,,,,,
current_tree,a37423639f7dabb0dfd55c8656d4689bb8a25351,runs/active/INDIA10-CLUSTER-COVERAGE-REAUDIT-001/VARANASI_8_NIGHT_CLOCK_REVIEW_MARK_INPUT_2026-08-27.md,c7b912c0ca86fe0620671ac6aca79eb0c0b7d8b5,7125,markdown_prose,UNREAD,,,,,,,
current_tree,a37423639f7dabb0dfd55c8656d4689bb8a25351,runs/active/INDIA10-CLUSTER-COVERAGE-REAUDIT-001/VARANASI_A_PLUS_CORRIDOR_MATRIX.md,3af0936995ddcaf432399ffa8968b3119f193690,4399,markdown_prose,UNREAD,,,,,,,
current_tree,a37423639f7dabb0dfd55c8656d4689bb8a25351,runs/active/INDIA10-CLUSTER-COVERAGE-REAUDIT-001/VARANASI_A_PLUS_MARK_SELECTION_SLICE.md,f7bad782e470d6441c201a18dc69ff105405f6ea,6868,markdown_prose,UNREAD,,,,,,,
current_tree,a37423639f7dabb0dfd55c8656d4689bb8a25351,runs/active/INDIA10-CLUSTER-COVERAGE-REAUDIT-001/VARANASI_BASELINE_EXECUTION_DRAFT_2026-08-27.md,3988bae342882eea5df458af0a2d196164c44294,7591,markdown_prose,UNREAD,,,,,,,
current_tree,a37423639f7dabb0dfd55c8656d4689bb8a25351,runs/active/INDIA10-CLUSTER-COVERAGE-REAUDIT-001/VARANASI_CURRENT_FRONTIER_CHECKPOINT_2026-08-27.md,3fe77d623713cf850f9127af23cbbad61a7a464f,2624,markdown_prose,UNREAD,,,,,,,
current_tree,a37423639f7dabb0dfd55c8656d4689bb8a25351,runs/active/INDIA10-CLUSTER-COVERAGE-REAUDIT-001/VARANASI_DAY_CHANGING_CONTENT_CLOSURE_2026-08-27.md,58a36b460c14530075be03ea37954e43a7836fc2,8815,markdown_prose,UNREAD,,,,,,,
current_tree,a37423639f7dabb0dfd55c8656d4689bb8a25351,runs/active/INDIA10-CLUSTER-COVERAGE-REAUDIT-001/VARANASI_DURATION_MARK_DECISION_2026-08-27.md,4165d4e0ef137280e6d41ab17b6c10b4333d7ac1,5974,markdown_prose,UNREAD,,,,,,,
current_tree,a37423639f7dabb0dfd55c8656d4689bb8a25351,runs/active/INDIA10-CLUSTER-COVERAGE-REAUDIT-001/VARANASI_EXPLAINED_HOURLY_8_NIGHT_DRAFT_2026-08-27.md,4cc251a330701c2dde90b2bad0d4ba09a840139e,23771,markdown_prose,UNREAD,,,,,,,
current_tree,a37423639f7dabb0dfd55c8656d4689bb8a25351,runs/active/INDIA10-CLUSTER-COVERAGE-REAUDIT-001/VARANASI_HISTORICAL_PACE_PREFERENCE_RECOVERY_2026-08-27.md,78a6b598212400b01217f27638c0015ca64a3ab8,3036,markdown_prose,UNREAD,,,,,,,
current_tree,a37423639f7dabb0dfd55c8656d4689bb8a25351,runs/active/INDIA10-CLUSTER-COVERAGE-REAUDIT-001/VARANASI_LP_MARK_TIME_DECISIONS_2026-08-27.md,376a6b853d9f426ba8a9b16750ad4c5b8b0f093e,5249,markdown_prose,UNREAD,,,,,,,
current_tree,a37423639f7dabb0dfd55c8656d4689bb8a25351,runs/active/INDIA10-CLUSTER-COVERAGE-REAUDIT-001/VARANASI_MANIKARNIKA_OPEN_END_DWELL_LOCK_2026-08-27.md,f59790372e9bbd6640e2c10b6f99790197bce625,3282,markdown_prose,UNREAD,,,,,,,
current_tree,a37423639f7dabb0dfd55c8656d4689bb8a25351,runs/active/INDIA10-CLUSTER-COVERAGE-REAUDIT-001/VARANASI_MARK_DECISIONS_AND_FULL_LP_GATE_2026-08-27.md,211a2bf3728b0e11992e41f68a936695461324cb,3403,markdown_prose,UNREAD,,,,,,,
current_tree,a37423639f7dabb0dfd55c8656d4689bb8a25351,runs/active/INDIA10-CLUSTER-COVERAGE-REAUDIT-001/VARANASI_RELAXED_8_NIGHT_EXECUTION_PROPOSAL_2026-08-27.md,3834e27af4d54abdce9cc6ac43c00979e6d2251a,10680,markdown_prose,UNREAD,,,,,,,
current_tree,a37423639f7dabb0dfd55c8656d4689bb8a25351,runs/active/INDIA10-CLUSTER-COVERAGE-REAUDIT-001/VARANASI_REMAINING_LAYER_MARK_DECISIONS_2026-08-27.md,fe5fcb003d412bc814d7c808ee52ff8a327bfa13,3646,markdown_prose,UNREAD,,,,,,,
current_tree,a37423639f7dabb0dfd55c8656d4689bb8a25351,runs/active/INDIA10-CLUSTER-COVERAGE-REAUDIT-001/VARANASI_REMAINING_TRAVELER_REGIONAL_LAYER_2026-08-27.md,851b8dfc24a2e1b3f45858b269b6411770cd67ca,10671,markdown_prose,UNREAD,,,,,,,
current_tree,a37423639f7dabb0dfd55c8656d4689bb8a25351,runs/active/INDIA10-CLUSTER-TOPOLOGY-001/EAST_CORRIDOR_TRANSFER_TOPOLOGY.md,85adf157e9f8238a8007fb5403e29c1d88fea2db,8703,markdown_prose,UNREAD,,,,,,,
current_tree,a37423639f7dabb0dfd55c8656d4689bb8a25351,runs/active/INDIA10-CLUSTER-TOPOLOGY-001/GLOBAL_CLUSTER_TOPOLOGY_SYNTHESIS.md,2dc71406a92602a598cea747bed4228987fe0123,11310,markdown_prose,UNREAD,,,,,,,
current_tree,a37423639f7dabb0dfd55c8656d4689bb8a25351,runs/active/INDIA10-CLUSTER-TOPOLOGY-001/NORTH_TOPOLOGY_DECISION_SUPPORT.md,d986cc93eb059ad361c6d49e492da243bbd56a95,5408,markdown_prose,UNREAD,,,,,,,
current_tree,a37423639f7dabb0dfd55c8656d4689bb8a25351,runs/active/INDIA10-CLUSTER-TOPOLOGY-001/OPTIONAL_CLUSTER_MARK_DECISION_CARDS.md,a984e68dff55214d6771bd036a27d67ffd0b15e2,13493,markdown_prose,UNREAD,,,,,,,
current_tree,a37423639f7dabb0dfd55c8656d4689bb8a25351,runs/active/INDIA10-CLUSTER-TOPOLOGY-001/SOUTH_JUMP_TRANSFER_TOPOLOGY.md,00457a45e7a3fd178d57d8d90dea28344594d245,7599,markdown_prose,UNREAD,,,,,,,
current_tree,a37423639f7dabb0dfd55c8656d4689bb8a25351,runs/active/INDIA10-CLUSTER-TOPOLOGY-001/TASK_SPLIT_2026-08-26.md,61dcab8e4c19f699b09d529b14d6048bd935109e,2016,markdown_prose,UNREAD,,,,,,,
current_tree,a37423639f7dabb0dfd55c8656d4689bb8a25351,runs/active/INDIA10-MULTIAI-TRAVELER-DISCOVERY-001/EXTERNAL_MULTI_AI_COLLECTOR_HANDOFF.md,a4745dceb300f12438fe11065ba13c642a8a4a39,15067,markdown_prose,UNREAD,,,,,,,
current_tree,a37423639f7dabb0dfd55c8656d4689bb8a25351,runs/active/INDIA10-MULTIAI-TRAVELER-DISCOVERY-001/TASK.md,143cfe618cb22f8c8d7b1e78d842af4d1f8cfbee,7205,markdown_prose,UNREAD,,,,,,,
current_tree,a37423639f7dabb0dfd55c8656d4689bb8a25351,runs/active/INDIA10-MULTIAI-TRAVELER-DISCOVERY-001/TRAVELER_EXPERIENCE_MASTER_UNION_LEDGER.md,502d2cd8ff743c4bbd2f35c9d05b0071bb2d9781,20130,markdown_prose,UNREAD,,,,,,,
current_tree,a37423639f7dabb0dfd55c8656d4689bb8a25351,runs/active/INDIA10-REGIONAL-DISCOVERY-GAPS-001/TASK.md,9ebd869ca7cf81a9ed16db3ea4628048fa5edcf1,7485,markdown_prose,UNREAD,,,,,,,
current_tree,a37423639f7dabb0dfd55c8656d4689bb8a25351,runs/active/INDIA10-REGIONAL-DISCOVERY-GAPS-001/WORKER_START_PROMPTS.md,fa11580c4e2f826b5cd50419202ed3abb0db6b17,3790,markdown_prose,UNREAD,,,,,,,
current_tree,a37423639f7dabb0dfd55c8656d4689bb8a25351,runs/active/INDIA11-SUCCESSOR-CHECKPOINT-2026-08-26/START.md,b53f5c99ad302595c5fc7f824297eab00b224b69,4570,markdown_prose,UNREAD,,,,,,,
current_tree,a37423639f7dabb0dfd55c8656d4689bb8a25351,runs/active/INDIA8-ALL-FINDINGS-DISPATCH-001/DISPATCH.md,9a86f45bafb77b0104b859cba195e978cc16c089,3804,markdown_prose,UNREAD,,,,,,,
current_tree,a37423639f7dabb0dfd55c8656d4689bb8a25351,runs/active/INDIA8-ALL-FINDINGS-LOCATION-CLOSURE-001/ALL_FINDINGS_ENTITY_INDEX.jsonl,8b2d368e6e3b8827da459fd3612485acd71f29c3,209410,structured_data,UNREAD,,,,,,,
current_tree,a37423639f7dabb0dfd55c8656d4689bb8a25351,runs/active/INDIA8-ALL-FINDINGS-LOCATION-CLOSURE-001/ALL_FINDINGS_LOCATION_MASTER.jsonl,86b8f089b70a6710a7ca569a2226f7bbffb6fb8e,888369,structured_data,UNREAD,,,,,,,
current_tree,a37423639f7dabb0dfd55c8656d4689bb8a25351,runs/active/INDIA8-ALL-FINDINGS-LOCATION-CLOSURE-001/ALL_FINDINGS_LOCATION_MASTER_SCHEMA.md,064713849d8f112501a8c5c13ef4a7aee135009d,2535,markdown_prose,UNREAD,,,,,,,
current_tree,a37423639f7dabb0dfd55c8656d4689bb8a25351,runs/active/INDIA8-ALL-FINDINGS-LOCATION-CLOSURE-001/ALL_FINDINGS_LOCATION_MASTER_V0.md,18f7c3a2f3047d16ab03c7e203a08c751378222a,9027,markdown_prose,UNREAD,,,,,,,
current_tree,a37423639f7dabb0dfd55c8656d4689bb8a25351,runs/active/INDIA8-ALL-FINDINGS-LOCATION-CLOSURE-001/ANANDAMAYI_FULL_CORPUS_REFERENCE.jsonl,3de9e6af7cc2751aafac950847a107663512548f,217750,structured_data,UNREAD,,,,,,,
current_tree,a37423639f7dabb0dfd55c8656d4689bb8a25351,runs/active/INDIA8-ALL-FINDINGS-LOCATION-CLOSURE-001/ANANDAMAYI_YOGANANDA_PHOTO_FINAL.md,87a39fb1c339d1475be9ba5f376a8e80df71d471,2514,markdown_prose,UNREAD,,,,,,,
current_tree,a37423639f7dabb0dfd55c8656d4689bb8a25351,runs/active/INDIA8-ALL-FINDINGS-LOCATION-CLOSURE-001/CCI_MASTER_QA_TASK.md,51ce5fd3813281cb03478962e34027d573d974dd,2740,markdown_prose,UNREAD,,,,,,,
current_tree,a37423639f7dabb0dfd55c8656d4689bb8a25351,runs/active/INDIA8-ALL-FINDINGS-LOCATION-CLOSURE-001/FEED_INDIABLAUW_AOAY_YOGANANDA_COMPLETE.md,307c62632b6ded52311a6e679f79edae206170e7,1770,markdown_prose,UNREAD,,,,,,,
current_tree,a37423639f7dabb0dfd55c8656d4689bb8a25351,runs/active/INDIA8-ALL-FINDINGS-LOCATION-CLOSURE-001/FEED_INDIAGEEL_FOURPERSON_COMPLETE.md,76e24781683a19bbe7f66a4358bb51bb29610156,2108,markdown_prose,UNREAD,,,,,,,
current_tree,a37423639f7dabb0dfd55c8656d4689bb8a25351,runs/active/INDIA8-ALL-FINDINGS-LOCATION-CLOSURE-001/FEED_INDIAROOD_CORE_KRIYA_COMPLETE.md,3956dc93720ba700c4099fbc7fa6fa3845d36a6a,1589,markdown_prose,UNREAD,,,,,,,
current_tree,a37423639f7dabb0dfd55c8656d4689bb8a25351,runs/active/INDIA8-ALL-FINDINGS-LOCATION-CLOSURE-001/FEED_INDIATURQUOISE_ENTITY_OVERLAP_COMPLETE.md,a6f68990552b6f4ebe12aa85c97d154fca969c4e,1824,markdown_prose,UNREAD,,,,,,,
current_tree,a37423639f7dabb0dfd55c8656d4689bb8a25351,runs/active/INDIA8-ALL-FINDINGS-LOCATION-CLOSURE-001/FEED_INDIAWIT_ANANDAMAYI_HERITAGE_COMPLETE.md,de745f6bc88a6b7100ce82374e877bf5d06c172f,2386,markdown_prose,UNREAD,,,,,,,
current_tree,a37423639f7dabb0dfd55c8656d4689bb8a25351,runs/active/INDIA8-ALL-FINDINGS-LOCATION-CLOSURE-001/FEED_INDIAWIT_FINAL_COMPLETE.md,cd41eb1c56d3d1b3221ff8861cc7138823efe343,999,markdown_prose,UNREAD,,,,,,,
current_tree,a37423639f7dabb0dfd55c8656d4689bb8a25351,runs/active/INDIA8-ALL-FINDINGS-LOCATION-CLOSURE-001/FEED_INDIAZILVER_PARTIAL_GEEL_TURQUOISE_INTEGRATED.md,79e929df5f4f03cbd280fe896501e36dc339582d,1835,markdown_prose,UNREAD,,,,,,,
current_tree,a37423639f7dabb0dfd55c8656d4689bb8a25351,runs/active/INDIA8-ALL-FINDINGS-LOCATION-CLOSURE-001/FINAL_FEED_MANIFEST.md,f9e877bf75870c94e5686befebdf7457c684795e,3590,markdown_prose,UNREAD,,,,,,,
current_tree,a37423639f7dabb0dfd55c8656d4689bb8a25351,runs/active/INDIA8-ALL-FINDINGS-LOCATION-CLOSURE-001/GLOBAL_ACCOUNTING.md,76c1570a9f61e5c409643b77e528395738ce7431,9049,markdown_prose,UNREAD,,,,,,,
current_tree,a37423639f7dabb0dfd55c8656d4689bb8a25351,runs/active/INDIA8-ALL-FINDINGS-LOCATION-CLOSURE-001/GLOBAL_UNRESOLVED_QUEUE_SEED.md,689246791b7ddded06dcf47026068acca4569259,9264,markdown_prose,UNREAD,,,,,,,
current_tree,a37423639f7dabb0dfd55c8656d4689bb8a25351,runs/active/INDIA8-ALL-FINDINGS-LOCATION-CLOSURE-001/MARK_DECISIONS_VRINDAVAN_BRAJ.md,07f8abf9dddae44a9a1b8b726139265717f9f5da,1391,markdown_prose,UNREAD,,,,,,,
current_tree,a37423639f7dabb0dfd55c8656d4689bb8a25351,runs/active/INDIA8-ALL-FINDINGS-LOCATION-CLOSURE-001/MARK_DECISION_SLICE_VRINDAVAN_BRAJ_V1.md,bddef974eb18332bf6c20b2868b2b98fbe74fe1d,6184,markdown_prose,UNREAD,,,,,,,
current_tree,a37423639f7dabb0dfd55c8656d4689bb8a25351,runs/active/INDIA8-ALL-FINDINGS-LOCATION-CLOSURE-001/MARK_KUMAON_DECISIONS_PASS_2026-08-20.md,76f3cca93682fe9656c6f6ac1f0f484a20d08f0e,1221,markdown_prose,UNREAD,,,,,,,
current_tree,a37423639f7dabb0dfd55c8656d4689bb8a25351,runs/active/INDIA8-ALL-FINDINGS-LOCATION-CLOSURE-001/MARK_PRAYAGRAJ_DECISIONS_2026-08-20.md,398073d600a286150cb99de16cfdfc67eeba52b3,1527,markdown_prose,UNREAD,,,,,,,
current_tree,a37423639f7dabb0dfd55c8656d4689bb8a25351,runs/active/INDIA8-ALL-FINDINGS-LOCATION-CLOSURE-001/MARK_PREVIEW_VRINDAVAN_BRAJ_V0.md,6999d7356f96c3ddf96abcfb96a7bce6cddf419c,6939,markdown_prose,UNREAD,,,,,,,
current_tree,a37423639f7dabb0dfd55c8656d4689bb8a25351,runs/active/INDIA8-ALL-FINDINGS-LOCATION-CLOSURE-001/MASTER_BUILD_EXCEPTIONS.md,1e27dc8b0e6aaedceb25cab9ef8d0e10e8a9132b,3544,markdown_prose,UNREAD,,,,,,,
current_tree,a37423639f7dabb0dfd55c8656d4689bb8a25351,runs/active/INDIA8-ALL-FINDINGS-LOCATION-CLOSURE-001/MASTER_INGEST_STATE.md,412d4ab1280bc56b84a0f9140541bfaac8ed7333,2453,markdown_prose,UNREAD,,,,,,,
current_tree,a37423639f7dabb0dfd55c8656d4689bb8a25351,runs/active/INDIA8-ALL-FINDINGS-LOCATION-CLOSURE-001/PHOTO_LOCATION_CLOSURE.md,ee0cf2e933051bfd323513a4f4f2959a9702ee33,5495,markdown_prose,UNREAD,,,,,,,
current_tree,a37423639f7dabb0dfd55c8656d4689bb8a25351,runs/active/INDIA8-ALL-FINDINGS-LOCATION-CLOSURE-001/SOURCE_LEDGER.md,9e0585ae3835c747d71a932103ace4bc4e58b193,6005,markdown_prose,UNREAD,,,,,,,
current_tree,a37423639f7dabb0dfd55c8656d4689bb8a25351,runs/active/INDIA8-ALL-FINDINGS-LOCATION-CLOSURE-001/STATUS.md,1d45ed209693018ff8bb7cd7686169f28a0db6de,2357,markdown_prose,UNREAD,,,,,,,
current_tree,a37423639f7dabb0dfd55c8656d4689bb8a25351,runs/active/INDIA8-ALL-FINDINGS-LOCATION-CLOSURE-001/TASK.md,e41127d2d29268d04019753b92427d33cac9fd0a,4005,markdown_prose,UNREAD,,,,,,,
current_tree,a37423639f7dabb0dfd55c8656d4689bb8a25351,runs/active/INDIA8-ALL-FINDINGS-LOCATION-CLOSURE-001/VRINDAVAN_BRAJ_PARENT_DECISION_MAP.md,a5c762b69ac580e4024c99df6f7481c3065a1745,5958,markdown_prose,UNREAD,,,,,,,
current_tree,a37423639f7dabb0dfd55c8656d4689bb8a25351,runs/active/INDIA8-ALL-FINDINGS-LOCATION-CLOSURE-001/VRINDAVAN_MARK_ABC_LIVE.md,7d762b1bf61b44736cf99fbaea09ea6bfca4a183,2956,markdown_prose,UNREAD,,,,,,,
current_tree,a37423639f7dabb0dfd55c8656d4689bb8a25351,runs/active/INDIA8-ALL-FINDINGS-LOCATION-CLOSURE-001/VRINDAVAN_MARK_DECISIONS.md,311f180cbde6bb6a0e4c260ca02ad26d576c2db0,1381,markdown_prose,UNREAD,,,,,,,
current_tree,a37423639f7dabb0dfd55c8656d4689bb8a25351,runs/active/INDIA8-ALL-FINDINGS-LOCATION-CLOSURE-001/VRINDAVAN_MARK_DECISIONS_DELTA_2026-08-20_C.md,08ee1ad82d769a1c2106504e34cec96c785b224f,1625,markdown_prose,UNREAD,,,,,,,
current_tree,a37423639f7dabb0dfd55c8656d4689bb8a25351,runs/active/INDIA8-ALL-FINDINGS-LOCATION-CLOSURE-001/VRINDAVAN_MARK_DECISIONS_DELTA_2026-08-20_D.md,9821f0e0ecdf32b4950e7dc43ab586e4f160eaf4,1642,markdown_prose,UNREAD,,,,,,,
current_tree,a37423639f7dabb0dfd55c8656d4689bb8a25351,runs/active/INDIA8-ALL-FINDINGS-LOCATION-CLOSURE-001/VRINDAVAN_MARK_DECISIONS_V2.md,97c53e79b8a7815b43e2c1e170de4c1311b1f833,4654,markdown_prose,UNREAD,,,,,,,
current_tree,a37423639f7dabb0dfd55c8656d4689bb8a25351,runs/active/INDIA8-ALL-FINDINGS-LOCATION-CLOSURE-001/reconciliation_layers/AOAY_ATLAS_RECONCILIATION_ROWS.jsonl,1663fa438e211732a4399b4baaf46e4ea6c3ee1f,133210,structured_data,UNREAD,,,,,,,
current_tree,a37423639f7dabb0dfd55c8656d4689bb8a25351,runs/active/INDIA8-ALL-FINDINGS-LOCATION-CLOSURE-001/reconciliation_layers/CORE_KRIYA_ENTITY_CANDIDATES_LABELED.jsonl,1fe421b43834e56fd621e2998db7fd4b307de121,52511,structured_data,UNREAD,,,,,,,
current_tree,a37423639f7dabb0dfd55c8656d4689bb8a25351,runs/active/INDIA8-ALL-FINDINGS-LOCATION-CLOSURE-001/reconciliation_layers/CORE_KRIYA_SOURCE_RECORDS_LABELED.jsonl,d4e85440fd636bbe60c2588d536d2f8a03e71401,31991,structured_data,UNREAD,,,,,,,
current_tree,a37423639f7dabb0dfd55c8656d4689bb8a25351,runs/active/INDIA8-ALL-FINDINGS-LOCATION-CLOSURE-001/reconciliation_layers/EXTERNAL_114_RECONCILIATION_ROWS.jsonl,2e4288036623478e60a0f11ee9f6cec45cebaf13,151477,structured_data,UNREAD,,,,,,,
current_tree,a37423639f7dabb0dfd55c8656d4689bb8a25351,runs/active/INDIA8-CLUSTER-CASTING-001/ABC_READINESS_RULE.md,7c9bbdbb81ebac4ad8c24921ef5ac744188f7518,1875,markdown_prose,UNREAD,,,,,,,
current_tree,a37423639f7dabb0dfd55c8656d4689bb8a25351,runs/active/INDIA8-CLUSTER-CASTING-001/HEAVY_A_34_DAY_CAPACITY_ENVELOPE_2026-08-23.md,7ff110e36812e77d581609cea07d9215d798c20c,5650,markdown_prose,UNREAD,,,,,,,
current_tree,a37423639f7dabb0dfd55c8656d4689bb8a25351,runs/active/INDIA8-CLUSTER-CASTING-001/KUMAON_THREE_BASE_EXECUTION_MATRIX_2026-08-23.md,780c3cd12df353ce91bc21a04400a3604a61ea2e,9773,markdown_prose,UNREAD,,,,,,,
current_tree,a37423639f7dabb0dfd55c8656d4689bb8a25351,runs/active/INDIA8-CLUSTER-CASTING-001/MARK_DECISION_HARIDWAR_KANKHAL_RISHIKESH.md,8084f504bfc2fd4455ada5fa3f0df4fae03f0295,1535,markdown_prose,UNREAD,,,,,,,
current_tree,a37423639f7dabb0dfd55c8656d4689bb8a25351,runs/active/INDIA8-CLUSTER-CASTING-001/PRAYAGRAJ_ALLAHABAD_CLUSTER_CASTING.md,2a75a51f417ce38f47cc3bd6d79d87b849519bd6,7966,markdown_prose,UNREAD,,,,,,,
current_tree,a37423639f7dabb0dfd55c8656d4689bb8a25351,runs/active/INDIA8-CLUSTER-CASTING-001/PRAYAGRAJ_ALLAHABAD_EXACTNESS_PASS.md,dd8e79ab64237f061ae231decde463cd7c211c74,5136,markdown_prose,UNREAD,,,,,,,
current_tree,a37423639f7dabb0dfd55c8656d4689bb8a25351,runs/active/INDIA8-CLUSTER-CASTING-001/VRINDAVAN_BRAJ_CLUSTER_CASTING.md,3c8841bbf887eeba3d41ffbe68e4c5bf881fa794,9699,markdown_prose,UNREAD,,,,,,,
current_tree,a37423639f7dabb0dfd55c8656d4689bb8a25351,runs/active/INDIA8-CLUSTER-CASTING-001/VRINDAVAN_BRAJ_EXACTNESS_PASS.md,3b81914f284f08cd5eb02618a7c9f558113ecf69,9299,markdown_prose,UNREAD,,,,,,,
current_tree,a37423639f7dabb0dfd55c8656d4689bb8a25351,runs/active/INDIA8-HARIDWAR-KANKHAL-RISHIKESH-CASTING-001/HARIDWAR_KANKHAL_RISHIKESH_CLUSTER_CASTING.md,ecd16716bf21ad318ca8634c77474d747627795f,12512,markdown_prose,UNREAD,,,,,,,
current_tree,a37423639f7dabb0dfd55c8656d4689bb8a25351,runs/active/INDIA8-HARIDWAR-KANKHAL-RISHIKESH-CASTING-001/STATUS.md,a965483868b1863a20bebb845386ce5647959143,642,markdown_prose,UNREAD,,,,,,,
current_tree,a37423639f7dabb0dfd55c8656d4689bb8a25351,runs/active/INDIA8-HOTEL-EVELYN-RAMDASS-ROOM-CLOSURE-001/TASK.md,78f44a615ab9a51944dfe709b7639b060d6b60bf,2507,markdown_prose,UNREAD,,,,,,,
current_tree,a37423639f7dabb0dfd55c8656d4689bb8a25351,runs/active/INDIA8-KUMAON-MARK-ABC-2026-08-20/ROUND2_DECISIONS.md,b3f1c8676a59fa9b5c439fe01b26f05b3d36ce16,1245,markdown_prose,UNREAD,,,,,,,
current_tree,a37423639f7dabb0dfd55c8656d4689bb8a25351,runs/active/INDIA8-KUMAON-MARK-ABC-2026-08-20/ROUND3_DECISIONS.md,3aa187c4bd26e175a012adaf081ec8dd75b1d6c2,971,markdown_prose,UNREAD,,,,,,,
current_tree,a37423639f7dabb0dfd55c8656d4689bb8a25351,runs/active/INDIA8-LONELYPLANET-INTEGRATION-001/CCI_GAPCHECK_INTEGRATION.md,9d746f876abe9a604ceb275e58846b9f13fd0147,2713,markdown_prose,UNREAD,,,,,,,
current_tree,a37423639f7dabb0dfd55c8656d4689bb8a25351,runs/active/INDIA8-LONELYPLANET-SECOND-OPINION-001/TASK.md,7f82a2cfb65d8846f28b8cae690cc399f3df06b6,2776,markdown_prose,UNREAD,,,,,,,
current_tree,a37423639f7dabb0dfd55c8656d4689bb8a25351,runs/active/INDIA8-MARK-CLUSTER-DECISIONS-2026-08-20/ANANDAMAYI_SELECTION_AND_HAIDAKHAN_RULE.md,cfada870f627a0699c3d673c0f362dc76e4ca6b1,1699,markdown_prose,UNREAD,,,,,,,
current_tree,a37423639f7dabb0dfd55c8656d4689bb8a25351,runs/active/INDIA8-MARK-CLUSTER-DECISIONS-2026-08-20/CLUSTER_LEVEL_DECISIONS_2026-08-22.md,ba75a6174301eb3a92a53f97ae8deffad1da1cf3,1681,markdown_prose,UNREAD,,,,,,,
current_tree,a37423639f7dabb0dfd55c8656d4689bb8a25351,runs/active/INDIA8-MARK-CLUSTER-DECISIONS-2026-08-20/HARIDWAR_KANKHAL_RISHIKESH_CLUSTER_DECISION.md,dad90a7dc434d69c77f55a11a5c615dcf3426eb8,1123,markdown_prose,UNREAD,,,,,,,
current_tree,a37423639f7dabb0dfd55c8656d4689bb8a25351,runs/active/INDIA8-MARK-CLUSTER-DECISIONS-2026-08-20/HARIDWAR_RISHIKESH_LIGHT_A_RULE_2026-08-23.md,e533f1b47395d76296b4b968d59e36398ca590b2,1000,markdown_prose,UNREAD,,,,,,,
current_tree,a37423639f7dabb0dfd55c8656d4689bb8a25351,runs/active/INDIA8-MARK-CLUSTER-DECISIONS-2026-08-20/HOTEL_EVELYN_DUAL_CLOSURE_RECONCILIATION_2026-08-23.md,acc978b1b83b8bbbacf354bfdb36ab983574f7f0,4559,markdown_prose,UNREAD,,,,,,,
current_tree,a37423639f7dabb0dfd55c8656d4689bb8a25351,runs/active/INDIA8-MARK-CLUSTER-DECISIONS-2026-08-20/INDIA9_CALENDAR_CLOSURE_RECONCILIATION_2026-08-23.md,4d02b1328ddee25db125ccce12ce1d53120aa30d,6175,markdown_prose,UNREAD,,,,,,,
current_tree,a37423639f7dabb0dfd55c8656d4689bb8a25351,runs/active/INDIA8-MARK-CLUSTER-DECISIONS-2026-08-20/KASAR_ALMORA_YIELDS_TO_RISHIKESH_2026-08-23.md,5e11309174d4dd1dee77b5b2829438e1f2ba9072,1721,markdown_prose,UNREAD,,,,,,,
current_tree,a37423639f7dabb0dfd55c8656d4689bb8a25351,runs/active/INDIA8-MARK-CLUSTER-DECISIONS-2026-08-20/KASAR_DEVI_ALMORA_MODULE_REEVALUATION_2026-08-23.md,944d1ac6979e845cbfc98caf6978e3503b7f9a32,4347,markdown_prose,UNREAD,,,,,,,
current_tree,a37423639f7dabb0dfd55c8656d4689bb8a25351,runs/active/INDIA8-MARK-CLUSTER-DECISIONS-2026-08-20/LONELY_PLANET_SECOND_OPINION_MICRO_INTEGRATION_2026-08-23.md,ab8695b74f1e7797f28505495e25d41ca01766a4,3969,markdown_prose,UNREAD,,,,,,,
current_tree,a37423639f7dabb0dfd55c8656d4689bb8a25351,runs/active/INDIA8-MARK-CLUSTER-DECISIONS-2026-08-20/MYSORE_BENGALURU_MARK_DECISIONS_BLOCK1.md,875d1d0b417b00c943f0e526c0c2598f6499f132,1147,markdown_prose,UNREAD,,,,,,,
current_tree,a37423639f7dabb0dfd55c8656d4689bb8a25351,runs/active/INDIA8-MARK-CLUSTER-DECISIONS-2026-08-20/PRAYAGRAJ_MARK_DECISIONS_RECONCILED_2026-08-23.md,72e2b1d4559be5c854ab1fc240dd54b78750499a,1713,markdown_prose,UNREAD,,,,,,,
current_tree,a37423639f7dabb0dfd55c8656d4689bb8a25351,runs/active/INDIA8-MARK-CLUSTER-DECISIONS-2026-08-20/PROVISIONAL_ROUTE_CALC_BASES_2026-08-23.md,a7e2e38edd5150b78cd6d7cb807cf4e934435612,5220,markdown_prose,UNREAD,,,,,,,
current_tree,a37423639f7dabb0dfd55c8656d4689bb8a25351,runs/active/INDIA8-MARK-CLUSTER-DECISIONS-2026-08-20/SLEEP_BASE_REGISTER_2026-08-23.md,81802b69f528fa9e571040a82da4bebf7797f73a,7678,markdown_prose,UNREAD,,,,,,,
current_tree,a37423639f7dabb0dfd55c8656d4689bb8a25351,runs/active/INDIA8-MARK-CLUSTER-DECISIONS-2026-08-20/SLEEP_BASE_ZONE_RESOLUTION_2026-08-23.md,c650ea9f776b1ddf254e8acc81a2e7aba994c6f2,8775,markdown_prose,UNREAD,,,,,,,
current_tree,a37423639f7dabb0dfd55c8656d4689bb8a25351,runs/active/INDIA8-MARK-CLUSTER-DECISIONS-2026-08-20/TIRUVANNAMALAI_ARUNACHALA_DECISIONS_2026-08-21.md,0748b2640063e5415a9381bc9fbac8cd021dc9e9,1510,markdown_prose,UNREAD,,,,,,,
current_tree,a37423639f7dabb0dfd55c8656d4689bb8a25351,runs/active/INDIA8-MARK-CLUSTER-DECISIONS-2026-08-20/TRANSPORT_PREFERENCE_AND_EFFICIENCY_RULE_2026-08-23.md,263ad77f0991cde461c7d06f4a1349803ce2c811,3056,markdown_prose,UNREAD,,,,,,,
current_tree,a37423639f7dabb0dfd55c8656d4689bb8a25351,runs/active/INDIA8-MARK-CLUSTER-DECISIONS-2026-08-20/TRIP_CALENDAR_RISK_LAYER.md,4e8fdd8464a5e34e5264aa1cd3793f8a787ba5d3,1342,markdown_prose,UNREAD,,,,,,,
current_tree,a37423639f7dabb0dfd55c8656d4689bb8a25351,runs/active/INDIA8-MARK-CLUSTER-DECISIONS-2026-08-20/TRIP_FIXED_FLIGHTS_AND_NIGHTS_2026-08-23.md,c49be1d242d4df1900bc0b61baf1f2ff6732bfce,1383,markdown_prose,UNREAD,,,,,,,
current_tree,a37423639f7dabb0dfd55c8656d4689bb8a25351,runs/active/INDIA8-MARK-CLUSTER-DECISIONS-2026-08-20/VARANASI_DECISIONS_BLOCK_11_15.md,64716ba3ed299ae193e9a9e98bd32e026b17c407,417,markdown_prose,UNREAD,,,,,,,
current_tree,a37423639f7dabb0dfd55c8656d4689bb8a25351,runs/active/INDIA8-MARK-CLUSTER-DECISIONS-2026-08-20/VARANASI_MARK_DECISIONS_BLOCK_16_20.md,8879d530ff71d92484fcc51abaceb34ca9cf204a,812,markdown_prose,UNREAD,,,,,,,
current_tree,a37423639f7dabb0dfd55c8656d4689bb8a25351,runs/active/INDIA8-MARK-CLUSTER-DECISIONS-2026-08-20/WORKING_ROUTE_V1_AFTER_RISHIKESH_SWAP_2026-08-23.md,2c1ab75adeb4a643615a0462a045bafc6d4de3be,17199,markdown_prose,UNREAD,,,,,,,
current_tree,a37423639f7dabb0dfd55c8656d4689bb8a25351,runs/active/INDIA8-MARK-CLUSTER-DECISIONS-2026-08-20/WORKING_ROUTE_V2_CANON_PATCH_INDIA9_2026-08-23.md,62a3798c43472165434bcab363e6316745662473,4942,markdown_prose,UNREAD,,,,,,,
current_tree,a37423639f7dabb0dfd55c8656d4689bb8a25351,runs/active/INDIA8-MARK-CLUSTER-DECISIONS-2026-08-20/WORKING_ROUTE_V2_TRAIN_FIRST_NEWYEAR_RISHIKESH_2026-08-23.md,ae99a5b2079a73e2e814f04f8ac0359ee7662453,17605,markdown_prose,UNREAD,,,,,,,
current_tree,a37423639f7dabb0dfd55c8656d4689bb8a25351,runs/active/INDIA8-MARK-CLUSTER-DECISIONS-2026-08-21/TIRUVANNAMALAI_ARUNACHALA_B_DECISIONS.md,4a689307f1bf3061d565cd645893c5c433504fc7,632,markdown_prose,UNREAD,,,,,,,
current_tree,a37423639f7dabb0dfd55c8656d4689bb8a25351,runs/active/INDIA8-RETAINED-ROUTE-AB-GEO-QA-001/STATUS.md,079df0b9b340f870c4d6fee5b8492be9cc0bbd43,2388,markdown_prose,UNREAD,,,,,,,
current_tree,a37423639f7dabb0dfd55c8656d4689bb8a25351,runs/active/INDIA8-RETAINED-ROUTE-AB-GEO-QA-001/TASK.md,9eaca958bbd202f232f841f6938d985c42d73bdd,3053,markdown_prose,UNREAD,,,,,,,
current_tree,a37423639f7dabb0dfd55c8656d4689bb8a25351,runs/active/INDIA9-SUCCESSOR-BOOT-2026-08-23/BOOT_PROGRESS.md,3f5dd038a12223327e8cd2e97e9f739b74b97bcd,1846,markdown_prose,UNREAD,,,,,,,
current_tree,a37423639f7dabb0dfd55c8656d4689bb8a25351,runs/active/INDIAZILVER-ENTITY-ID-PROXIMITY-BACKFILL-001/ABC_REVIEW_AFTER_CLOSURE_QUEUE.md,e10868ae45f994c5547d41321e159679b0987c65,11335,markdown_prose,UNREAD,,,,,,,
current_tree,a37423639f7dabb0dfd55c8656d4689bb8a25351,runs/active/INDIAZILVER-ENTITY-ID-PROXIMITY-BACKFILL-001/CENTRAL_INPUT_MANIFEST.md,b0da438c993f3ea9c2d8adda61f760cf3a82f69a,3707,markdown_prose,UNREAD,,,,,,,
current_tree,a37423639f7dabb0dfd55c8656d4689bb8a25351,runs/active/INDIAZILVER-ENTITY-ID-PROXIMITY-BACKFILL-001/CENTRAL_INTEGRATION_RECEIPT_2026-08-23.md,22ba58e8ad0b27643b1ce8882cac5a53f03d1a5f,2815,markdown_prose,UNREAD,,,,,,,
current_tree,a37423639f7dabb0dfd55c8656d4689bb8a25351,runs/active/INDIAZILVER-ENTITY-ID-PROXIMITY-BACKFILL-001/DUPLICATE_PARENT_CANDIDATES.md,1d7e0cff0d99613f63cf3097b2c47b8c76068ba6,10970,markdown_prose,UNREAD,,,,,,,
current_tree,a37423639f7dabb0dfd55c8656d4689bb8a25351,runs/active/INDIAZILVER-ENTITY-ID-PROXIMITY-BACKFILL-001/GEEL_ENTITY_FEED.md,969bf29779195f915ed2612a126d9ccc66afea22,1103,markdown_prose,UNREAD,,,,,,,
current_tree,a37423639f7dabb0dfd55c8656d4689bb8a25351,runs/active/INDIAZILVER-ENTITY-ID-PROXIMITY-BACKFILL-001/NEW_ID_REQUIRED_QUEUE.csv,8e0079403dfd278e867c6413eb6efa0934801d4c,27461,structured_data,UNREAD,,,,,,,
current_tree,a37423639f7dabb0dfd55c8656d4689bb8a25351,runs/active/INDIAZILVER-ENTITY-ID-PROXIMITY-BACKFILL-001/PROTECTED_CANON_BASELINE.csv,a607241caa41637e2167d0f56781bf663f038932,15729,structured_data,UNREAD,,,,,,,
current_tree,a37423639f7dabb0dfd55c8656d4689bb8a25351,runs/active/INDIAZILVER-ENTITY-ID-PROXIMITY-BACKFILL-001/PROXIMITY_1KM_3KM_MATRIX.csv,ddc1ad38be92d4c37dab8ba2299e23e26f25aea3,12455,structured_data,UNREAD,,,,,,,
current_tree,a37423639f7dabb0dfd55c8656d4689bb8a25351,runs/active/INDIAZILVER-ENTITY-ID-PROXIMITY-BACKFILL-001/ROOD_ENTITY_FEED.md,24f94464b88430b79ec1e944ab4b2b20f3d2dad3,1099,markdown_prose,UNREAD,,,,,,,
current_tree,a37423639f7dabb0dfd55c8656d4689bb8a25351,runs/active/INDIAZILVER-ENTITY-ID-PROXIMITY-BACKFILL-001/STATUS.md,2c8a87d5b00306cbd31396927c527b8a7d737fa5,6631,markdown_prose,UNREAD,,,,,,,
current_tree,a37423639f7dabb0dfd55c8656d4689bb8a25351,runs/active/INDIAZILVER-ENTITY-ID-PROXIMITY-BACKFILL-001/TASK.md,fe85865fcfab9e5b518a892cee1718b9b8948b4d,2763,markdown_prose,UNREAD,,,,,,,
current_tree,a37423639f7dabb0dfd55c8656d4689bb8a25351,runs/active/INDIAZILVER-ENTITY-ID-PROXIMITY-BACKFILL-001/TURQUOISE_ENTITY_FEED.md,1454e23151c01f09e74f417d452d97374ae45d7d,1206,markdown_prose,UNREAD,,,,,,,
current_tree,a37423639f7dabb0dfd55c8656d4689bb8a25351,runs/active/INDIAZILVER-ENTITY-ID-PROXIMITY-BACKFILL-001/WIT_FINAL_ENTITY_FEED.md,4b019c8a17d9b296b0064cd0b6c3ccb9ba4a0a40,762,markdown_prose,UNREAD,,,,,,,
current_tree,a37423639f7dabb0dfd55c8656d4689bb8a25351,runs/active/KUMAON-V2-RESWEEP-001/MISS_ROOT_CAUSE_RESCUE.md,bde95d1fb16ebf9fb7523d0cb461a2c7bbafc48c,9025,markdown_prose,UNREAD,,,,,,,
current_tree,a37423639f7dabb0dfd55c8656d4689bb8a25351,runs/active/KUMAON-V2-RESWEEP-001/RECONCILIATION.md,1a49d19ade96dad09ab67832ab626459ecb16816,11459,markdown_prose,UNREAD,,,,,,,
current_tree,a37423639f7dabb0dfd55c8656d4689bb8a25351,runs/active/KUMAON-V2-RESWEEP-001/RESULT.md,6591600b2432b39ae1c84a3507ace76aad4909a6,17660,markdown_prose,UNREAD,,,,,,,
current_tree,a37423639f7dabb0dfd55c8656d4689bb8a25351,runs/active/KUMAON-V2-RESWEEP-001/STATUS.md,52a4adffc85e9f6eaabc77c8903b930369fd0a8a,3169,markdown_prose,UNREAD,,,,,,,
current_tree,a37423639f7dabb0dfd55c8656d4689bb8a25351,runs/active/KUMAON-V2-RESWEEP-001/TASK.md,936e5aade5d04599ea04b0fc4ae247a70f3357fb,4800,markdown_prose,UNREAD,,,,,,,
current_tree,a37423639f7dabb0dfd55c8656d4689bb8a25351,runs/active/TIRUVANNAMALAI-ARUNACHALA-CLUSTER-001/STATUS.md,fea9b0941469a52a65a806f41ab1fb7dd3645557,1432,markdown_prose,UNREAD,,,,,,,
current_tree,a37423639f7dabb0dfd55c8656d4689bb8a25351,runs/active/TIRUVANNAMALAI-ARUNACHALA-CLUSTER-001/TASK.md,6bfe8eb3957a811d1bf092d68d3dd5cd322bcc25,3952,markdown_prose,UNREAD,,,,,,,
current_tree,a37423639f7dabb0dfd55c8656d4689bb8a25351,runs/active/TOP11-CORE-KRIYA-INDIAROOD-DELTA-RECONCILIATION-001/BABAJI_INDIAROOD_DELTA.md,4257252565bc3c722413c127dad59bc558c23882,15903,markdown_prose,UNREAD,,,,,,,
current_tree,a37423639f7dabb0dfd55c8656d4689bb8a25351,runs/active/TOP11-CORE-KRIYA-INDIAROOD-DELTA-RECONCILIATION-001/INDIAROOD_DELTA_MATRIX.jsonl,3ed676bc82aac1e58b3cdb6beb05c48571e64024,27690,structured_data,UNREAD,,,,,,,
current_tree,a37423639f7dabb0dfd55c8656d4689bb8a25351,runs/active/TOP11-CORE-KRIYA-INDIAROOD-DELTA-RECONCILIATION-001/LAHIRI_MAHASAYA_INDIAROOD_DELTA.md,65516c8949f4037d795389fda07dc45427a4df35,10448,markdown_prose,UNREAD,,,,,,,
current_tree,a37423639f7dabb0dfd55c8656d4689bb8a25351,runs/active/TOP11-CORE-KRIYA-INDIAROOD-DELTA-RECONCILIATION-001/RECONCILIATION_RESULT.md,d97150fe2747606bd96885834741bfe217e0c0da,6900,markdown_prose,UNREAD,,,,,,,
current_tree,a37423639f7dabb0dfd55c8656d4689bb8a25351,runs/active/TOP11-CORE-KRIYA-INDIAROOD-DELTA-RECONCILIATION-001/SRI_YUKTESWAR_INDIAROOD_DELTA.md,92f9dc9b2aa18ff9e2b87296aa542b5e511a5687,8627,markdown_prose,UNREAD,,,,,,,
current_tree,a37423639f7dabb0dfd55c8656d4689bb8a25351,runs/active/TOP11-CORE-KRIYA-INDIAROOD-DELTA-RECONCILIATION-001/STATUS.md,df745b6e6a7440ffa7903d0d9d94ee34871f9497,2436,markdown_prose,UNREAD,,,,,,,
current_tree,a37423639f7dabb0dfd55c8656d4689bb8a25351,runs/active/TOP11-CORE-KRIYA-INDIAROOD-DELTA-RECONCILIATION-001/TASK.md,17df1b72e46db070726d905fb1528ad3a8cecd3e,6152,markdown_prose,UNREAD,,,,,,,
current_tree,a37423639f7dabb0dfd55c8656d4689bb8a25351,runs/active/TOP11-CORE-KRIYA-RECONCILIATION-001/BABAJI_RECONCILIATION.md,365fb838ec2532fc0e277256bda965ed277543a7,19313,markdown_prose,UNREAD,,,,,,,
current_tree,a37423639f7dabb0dfd55c8656d4689bb8a25351,runs/active/TOP11-CORE-KRIYA-RECONCILIATION-001/LAHIRI_MAHASAYA_RECONCILIATION.md,544fbc61c5c46050f33f413c36409fdf2d69dcc9,16969,markdown_prose,UNREAD,,,,,,,
current_tree,a37423639f7dabb0dfd55c8656d4689bb8a25351,runs/active/TOP11-CORE-KRIYA-RECONCILIATION-001/RECONCILIATION_MATRIX.jsonl,da6570cdfe64562f3c005afb31e45294554a39c5,18889,structured_data,UNREAD,,,,,,,
current_tree,a37423639f7dabb0dfd55c8656d4689bb8a25351,runs/active/TOP11-CORE-KRIYA-RECONCILIATION-001/RECONCILIATION_RESULT.md,cd65e16c4aa337a0b23fbaca9d4d4fd473902641,7485,markdown_prose,UNREAD,,,,,,,
current_tree,a37423639f7dabb0dfd55c8656d4689bb8a25351,runs/active/TOP11-CORE-KRIYA-RECONCILIATION-001/SRI_YUKTESWAR_RECONCILIATION.md,3362bad00ad4b3553dc7fb2e0d1164e63c6542b2,13595,markdown_prose,UNREAD,,,,,,,
current_tree,a37423639f7dabb0dfd55c8656d4689bb8a25351,runs/active/TOP11-CORE-KRIYA-RECONCILIATION-001/STATUS.md,7b5db9f610234cfb2891886a144083e8196539dc,2471,markdown_prose,UNREAD,,,,,,,
current_tree,a37423639f7dabb0dfd55c8656d4689bb8a25351,runs/active/TOP11-CORE-KRIYA-RECONCILIATION-001/TASK.md,56879cec7c940c659073b9ab063e8be72483c7dc,10915,markdown_prose,UNREAD,,,,,,,
current_tree,a37423639f7dabb0dfd55c8656d4689bb8a25351,runs/active/TOP11-EXTERNAL-AI-BENCHMARK-001/BENCHMARK_RESULT.md,4898bb866e9e82d492fd71c944ab7ee7e942057b,7787,markdown_prose,UNREAD,,,,,,,
current_tree,a37423639f7dabb0dfd55c8656d4689bb8a25351,runs/active/TOP11-EXTERNAL-AI-BENCHMARK-001/EXTERNAL_UNION_INPUT.md,8e0e7fe1a5960c54a33535383545eb1920fb5f4b,17765,markdown_prose,UNREAD,,,,,,,
current_tree,a37423639f7dabb0dfd55c8656d4689bb8a25351,runs/active/TOP11-EXTERNAL-AI-BENCHMARK-001/INDIA_SOURCE_FIRST_SWEEP_ANANDAMAYI.md,986826074cf75a6e01df191e23af24044f75faa8,10211,markdown_prose,UNREAD,,,,,,,
current_tree,a37423639f7dabb0dfd55c8656d4689bb8a25351,runs/active/TOP11-EXTERNAL-AI-BENCHMARK-001/RECONCILIATION_CCI_084.md,21a3e18ca8652eb994adeead4da87e1b6a0cc417,10509,markdown_prose,UNREAD,,,,,,,
current_tree,a37423639f7dabb0dfd55c8656d4689bb8a25351,runs/active/TOP11-EXTERNAL-AI-BENCHMARK-001/STATUS.md,1dbbf6804086328770b8dd93325ff70107405a01,10417,markdown_prose,UNREAD,,,,,,,
current_tree,a37423639f7dabb0dfd55c8656d4689bb8a25351,runs/active/TOP11-EXTERNAL-AI-BENCHMARK-001/TASK.md,ec273790ac055dff366aa2377a59fb00180df16a,4668,markdown_prose,UNREAD,,,,,,,
current_tree,a37423639f7dabb0dfd55c8656d4689bb8a25351,runs/active/TOP11-EXTERNAL-AI-BENCHMARK-001/WERKPAKKET_D_DEEPENING_CCI_086.md,ba1e823629cea5004d3c1856ada958f6c9956a69,11574,markdown_prose,UNREAD,,,,,,,
current_tree,a37423639f7dabb0dfd55c8656d4689bb8a25351,runs/active/TOP11-EXTERNAL-AI-BENCHMARK-001/YOGANANDA_EXTERNAL_RECONCILIATION_CCI_086.md,60a52b7fa697e8168740320f4518a4b8be109e2e,13495,markdown_prose,UNREAD,,,,,,,
current_tree,a37423639f7dabb0dfd55c8656d4689bb8a25351,runs/active/TOP11-EXTERNAL-AI-BENCHMARK-001/YOGANANDA_EXTERNAL_UNION_FREEZE.md,25185f2adf6eff850dfd35b4ac92ce8c29ba9483,1465,markdown_prose,UNREAD,,,,,,,
current_tree,a37423639f7dabb0dfd55c8656d4689bb8a25351,runs/active/TOP11-INDIA-PERSON-CENTRIC-MEGASWEEP-001/BABAJI_V2_PRE_EXTERNAL_FREEZE.md,ef7be8d4876eedff7f3c9cb2a958d868c4fef77e,14715,markdown_prose,UNREAD,,,,,,,
current_tree,a37423639f7dabb0dfd55c8656d4689bb8a25351,runs/active/TOP11-INDIA-PERSON-CENTRIC-MEGASWEEP-001/INDIA_QA_PILOT.md,39f2924d7a0084f4490eea0f34c50794ebd13efe,3072,markdown_prose,UNREAD,,,,,,,
current_tree,a37423639f7dabb0dfd55c8656d4689bb8a25351,runs/active/TOP11-INDIA-PERSON-CENTRIC-MEGASWEEP-001/LAHIRI_MAHASAYA_V2_PRE_EXTERNAL_FREEZE.md,65889848ca836dc6eb8076c1a84ab23c18acccf4,12175,markdown_prose,UNREAD,,,,,,,
current_tree,a37423639f7dabb0dfd55c8656d4689bb8a25351,runs/active/TOP11-INDIA-PERSON-CENTRIC-MEGASWEEP-001/METHOD_V1.md,62aa2a4b258c291b9564116df1fa15429a85bdec,3583,markdown_prose,UNREAD,,,,,,,
current_tree,a37423639f7dabb0dfd55c8656d4689bb8a25351,runs/active/TOP11-INDIA-PERSON-CENTRIC-MEGASWEEP-001/METHOD_V2.md,09d0d4878df8eb9fabf61555523fda9fc28829f7,7506,markdown_prose,UNREAD,,,,,,,
current_tree,a37423639f7dabb0dfd55c8656d4689bb8a25351,runs/active/TOP11-INDIA-PERSON-CENTRIC-MEGASWEEP-001/PHASE2_RESULT.md,cd14b8eb23b5e8ffc1863b807a90801595023f55,44871,markdown_prose,UNREAD,,,,,,,
current_tree,a37423639f7dabb0dfd55c8656d4689bb8a25351,runs/active/TOP11-INDIA-PERSON-CENTRIC-MEGASWEEP-001/PHASE2_SYNTHESIS.md,119d0a6145c48501de0705d9a568fce9bffc6e0a,7905,markdown_prose,UNREAD,,,,,,,
current_tree,a37423639f7dabb0dfd55c8656d4689bb8a25351,runs/active/TOP11-INDIA-PERSON-CENTRIC-MEGASWEEP-001/PHASE2_TASK_081.md,da80ada45a25b3c34f0ba4a731e4afe832ae93c3,1917,markdown_prose,UNREAD,,,,,,,
current_tree,a37423639f7dabb0dfd55c8656d4689bb8a25351,runs/active/TOP11-INDIA-PERSON-CENTRIC-MEGASWEEP-001/PILOT_RESULT.md,f4ebdfb2798a037fbf1e46ebe8a29fdf4daf0170,16291,markdown_prose,UNREAD,,,,,,,
current_tree,a37423639f7dabb0dfd55c8656d4689bb8a25351,runs/active/TOP11-INDIA-PERSON-CENTRIC-MEGASWEEP-001/SATURATION_RESULT.md,27647ee563f84692b02401794bfff88164177423,9351,markdown_prose,UNREAD,,,,,,,
current_tree,a37423639f7dabb0dfd55c8656d4689bb8a25351,runs/active/TOP11-INDIA-PERSON-CENTRIC-MEGASWEEP-001/SRI_YUKTESWAR_V2_PRE_EXTERNAL_FREEZE.md,62a80577e6204d268384c4823b3b20cf9f98ecd7,10661,markdown_prose,UNREAD,,,,,,,
current_tree,a37423639f7dabb0dfd55c8656d4689bb8a25351,runs/active/TOP11-INDIA-PERSON-CENTRIC-MEGASWEEP-001/STATUS.md,c97e6d8ada28ba6e5a3e534cc3ceeb64c6095575,19504,markdown_prose,UNREAD,,,,,,,
current_tree,a37423639f7dabb0dfd55c8656d4689bb8a25351,runs/active/TOP11-INDIA-PERSON-CENTRIC-MEGASWEEP-001/TASK.md,a447cb753e78add4233a762ff26f8418236c217f,7233,markdown_prose,UNREAD,,,,,,,
current_tree,a37423639f7dabb0dfd55c8656d4689bb8a25351,runs/active/TOP11-INDIA-PERSON-CENTRIC-MEGASWEEP-001/YOGANANDA_V2_FREEZE.md,978386d7f4536eefa15bf3e2840adf7e12b616f0,10552,markdown_prose,UNREAD,,,,,,,
current_tree,a37423639f7dabb0dfd55c8656d4689bb8a25351,runs/active/TOP11-INDIA-PERSON-CENTRIC-MEGASWEEP-001/YOGANANDA_V2_PRE_EXTERNAL_FINAL_FREEZE.md,69c2c9445099418eeebe05ca02a2aec3f0c927e6,13791,markdown_prose,UNREAD,,,,,,,
current_tree,a37423639f7dabb0dfd55c8656d4689bb8a25351,runs/active/TOP11-INDIAGEEL-BLIND-SWEEP-001/STATUS.md,19a8f6b01a90108b5d453d2dad335d98d9efb850,901,markdown_prose,UNREAD,,,,,,,
current_tree,a37423639f7dabb0dfd55c8656d4689bb8a25351,runs/active/TOP11-INDIAGEEL-BLIND-SWEEP-001/TASK.md,791fb7fb9e2be4593b249a067aa17562cf0ee7ca,4635,markdown_prose,UNREAD,,,,,,,
current_tree,a37423639f7dabb0dfd55c8656d4689bb8a25351,runs/active/TOP11-NKB-RAMDASS-CORE-SOURCE-RECOVERY-001/SOURCE_RECOVERY_RESULT.md,1ddca52b3ccfcd682646f0a9566f856a59b63771,14907,markdown_prose,UNREAD,,,,,,,
current_tree,a37423639f7dabb0dfd55c8656d4689bb8a25351,runs/active/TOP11-NKB-RAMDASS-CORE-SOURCE-RECOVERY-001/STATUS.md,1042856a7c509fa42e94463dd6ce5ed4547b7ca3,2449,markdown_prose,UNREAD,,,,,,,
current_tree,a37423639f7dabb0dfd55c8656d4689bb8a25351,runs/active/TOP11-NKB-RAMDASS-CORE-SOURCE-RECOVERY-001/TASK.md,ffb830c37f8819bbdab4bec6b23b592b62b5cac0,5389,markdown_prose,UNREAD,,,,,,,
current_tree,a37423639f7dabb0dfd55c8656d4689bb8a25351,runs/active/TOP11-NKB-RAMDASS-EXTERNAL-RECONCILIATION-001/NEEM_KAROLI_BABA_RECONCILIATION.md,e6c2a20d4f5746ae6e9b51029b229439ef991411,14082,markdown_prose,UNREAD,,,,,,,
current_tree,a37423639f7dabb0dfd55c8656d4689bb8a25351,runs/active/TOP11-NKB-RAMDASS-EXTERNAL-RECONCILIATION-001/RAM_DASS_RECONCILIATION.md,7bfb4464d05d3046478ee7f1acc672862820b68b,11687,markdown_prose,UNREAD,,,,,,,
current_tree,a37423639f7dabb0dfd55c8656d4689bb8a25351,runs/active/TOP11-NKB-RAMDASS-EXTERNAL-RECONCILIATION-001/RECONCILIATION_MATRIX.jsonl,c484990b5f31c0518a591401f7f7e2df695c93a7,33935,structured_data,UNREAD,,,,,,,
current_tree,a37423639f7dabb0dfd55c8656d4689bb8a25351,runs/active/TOP11-NKB-RAMDASS-EXTERNAL-RECONCILIATION-001/RECONCILIATION_RESULT.md,83ed82be1e934ac42b57cfb8c6b26eabfd571a34,5421,markdown_prose,UNREAD,,,,,,,
current_tree,a37423639f7dabb0dfd55c8656d4689bb8a25351,runs/active/TOP11-NKB-RAMDASS-EXTERNAL-RECONCILIATION-001/STATUS.md,29aa93a90db29080dbac75dff55fa991c519cb35,1629,markdown_prose,UNREAD,,,,,,,
current_tree,a37423639f7dabb0dfd55c8656d4689bb8a25351,runs/active/TOP11-NKB-RAMDASS-EXTERNAL-RECONCILIATION-001/TASK.md,a82c3a51db6b1f6996494c2257d898d2b0b1d6a2,6621,markdown_prose,UNREAD,,,,,,,
current_tree,a37423639f7dabb0dfd55c8656d4689bb8a25351,runs/active/TOP11-NKB-RAMDASS-INDIAGEEL-MULTIDETECTOR-RECONCILIATION-001/NEEM_KAROLI_BABA_INDIAGEEL_RECONCILIATION.md,577db092caabbb58f5e29abc97320c3632f2e3fb,10327,markdown_prose,UNREAD,,,,,,,
current_tree,a37423639f7dabb0dfd55c8656d4689bb8a25351,runs/active/TOP11-NKB-RAMDASS-INDIAGEEL-MULTIDETECTOR-RECONCILIATION-001/RAM_DASS_INDIAGEEL_RECONCILIATION.md,1df6717c362183d9713d21e33a678b790b4b32a6,11866,markdown_prose,UNREAD,,,,,,,
current_tree,a37423639f7dabb0dfd55c8656d4689bb8a25351,runs/active/TOP11-NKB-RAMDASS-INDIAGEEL-MULTIDETECTOR-RECONCILIATION-001/RAM_DASS_TARGETED_TIER1_CLOSURE_2026-08-23.md,3915a9209558ab99510574da97f6ce2e60366c08,7669,markdown_prose,UNREAD,,,,,,,
current_tree,a37423639f7dabb0dfd55c8656d4689bb8a25351,runs/active/TOP11-NKB-RAMDASS-INDIAGEEL-MULTIDETECTOR-RECONCILIATION-001/RECONCILIATION_MATRIX.jsonl,e8cfa2eccc0341f0703bf5ced00d7d37920c36a8,12265,structured_data,UNREAD,,,,,,,
current_tree,a37423639f7dabb0dfd55c8656d4689bb8a25351,runs/active/TOP11-NKB-RAMDASS-INDIAGEEL-MULTIDETECTOR-RECONCILIATION-001/RECONCILIATION_RESULT.md,f84cf69f577fc448f91921a7c7467ce852e55193,7078,markdown_prose,UNREAD,,,,,,,
current_tree,a37423639f7dabb0dfd55c8656d4689bb8a25351,runs/active/TOP11-NKB-RAMDASS-INDIAGEEL-MULTIDETECTOR-RECONCILIATION-001/STATUS.md,89d1bfe186e363703268fc4b0b5d7b1b910f5344,2038,markdown_prose,UNREAD,,,,,,,
current_tree,a37423639f7dabb0dfd55c8656d4689bb8a25351,runs/active/TOP11-NKB-RAMDASS-INDIAGEEL-MULTIDETECTOR-RECONCILIATION-001/TASK.md,d73becf66ea64475f968507830279f98105e3fe8,2089,markdown_prose,UNREAD,,,,,,,
current_tree,a37423639f7dabb0dfd55c8656d4689bb8a25351,runs/active/TOP11-NKB-RAMDASS-INDIAGEEL-MULTIDETECTOR-RECONCILIATION-001/TRAVEL_READINESS_GATE.md,1f4279048073b601c150a23dea8d4486c4f1c901,7557,markdown_prose,UNREAD,,,,,,,
current_tree,a37423639f7dabb0dfd55c8656d4689bb8a25351,runs/active/TOP11-NKB-RAMDASS-MULTIDETECTOR-RECONCILIATION-001/STATUS.md,132832e2b0de36a23b32f093c677b4d496813008,387,markdown_prose,UNREAD,,,,,,,
current_tree,a37423639f7dabb0dfd55c8656d4689bb8a25351,runs/active/TOP11-NKB-RAMDASS-MULTIDETECTOR-RECONCILIATION-001/TASK.md,13adf2d4fac8d8a7bbafa8508861d668f4286db7,1366,markdown_prose,UNREAD,,,,,,,
current_tree,a37423639f7dabb0dfd55c8656d4689bb8a25351,runs/active/TOP11-NKB-RAMDASS-V2-PRE-EXTERNAL-001/NEEM_KAROLI_BABA_V2_PRE_EXTERNAL_FREEZE.md,59b15210cf649d7cfc437b23140cdf0b0a171eb7,17206,markdown_prose,UNREAD,,,,,,,
current_tree,a37423639f7dabb0dfd55c8656d4689bb8a25351,runs/active/TOP11-NKB-RAMDASS-V2-PRE-EXTERNAL-001/RAM_DASS_V2_PRE_EXTERNAL_FREEZE.md,ac0c2a66e9bf6a210b03afb01eaa479b72762982,18043,markdown_prose,UNREAD,,,,,,,
current_tree,a37423639f7dabb0dfd55c8656d4689bb8a25351,runs/active/TOP11-NKB-RAMDASS-V2-PRE-EXTERNAL-001/STATUS.md,58ee73b661e6c2c569d9d9ce2f80abe181e909b5,2874,markdown_prose,UNREAD,,,,,,,
current_tree,a37423639f7dabb0dfd55c8656d4689bb8a25351,runs/active/TOP11-NKB-RAMDASS-V2-PRE-EXTERNAL-001/TASK.md,c3ee3d802afcb5e3753ea1aac4afb980fb11da81,9082,markdown_prose,UNREAD,,,,,,,
current_tree,a37423639f7dabb0dfd55c8656d4689bb8a25351,runs/active/TOP11-PARALLEL-CHATGPT-SWEEP-001/TASK.md,96712dab1a11b58e940620889fa2ca69789a4eab,4492,markdown_prose,UNREAD,,,,,,,
current_tree,a37423639f7dabb0dfd55c8656d4689bb8a25351,runs/active/TOP11-RAMANA-RAMAKRISHNA-MULTIDETECTOR-RECONCILIATION-001/RAMAKRISHNA_MULTIDETECTOR_RECONCILIATION.md,a7c4c411cefeb4ebcf2f2d21d2658c5655ad9d1d,23108,markdown_prose,UNREAD,,,,,,,
current_tree,a37423639f7dabb0dfd55c8656d4689bb8a25351,runs/active/TOP11-RAMANA-RAMAKRISHNA-MULTIDETECTOR-RECONCILIATION-001/RAMANA_MAHARSHI_MULTIDETECTOR_RECONCILIATION.md,744a426bf17d3574f3e72f3c41f09cc5e7facd92,12875,markdown_prose,UNREAD,,,,,,,
current_tree,a37423639f7dabb0dfd55c8656d4689bb8a25351,runs/active/TOP11-RAMANA-RAMAKRISHNA-MULTIDETECTOR-RECONCILIATION-001/RECONCILIATION_MATRIX.jsonl,52a5b7cbde76879b1f1a5f97c4544df2338bfe2e,21431,structured_data,UNREAD,,,,,,,
current_tree,a37423639f7dabb0dfd55c8656d4689bb8a25351,runs/active/TOP11-RAMANA-RAMAKRISHNA-MULTIDETECTOR-RECONCILIATION-001/RECONCILIATION_RESULT.md,c758c77b3b94643729336b8df8246045fcaf3bbd,7444,markdown_prose,UNREAD,,,,,,,
current_tree,a37423639f7dabb0dfd55c8656d4689bb8a25351,runs/active/TOP11-RAMANA-RAMAKRISHNA-MULTIDETECTOR-RECONCILIATION-001/STATUS.md,b76b19de8e1c6c361432d614b81513567b2b2213,991,markdown_prose,UNREAD,,,,,,,
current_tree,a37423639f7dabb0dfd55c8656d4689bb8a25351,runs/active/TOP11-RAMANA-RAMAKRISHNA-MULTIDETECTOR-RECONCILIATION-001/TASK.md,573207495981a087c275436f8dd712c7205a9c59,3863,markdown_prose,UNREAD,,,,,,,
current_tree,a37423639f7dabb0dfd55c8656d4689bb8a25351,runs/active/TOP11-RAMANA-RAMAKRISHNA-V2-PRE-EXTERNAL-001/RAMAKRISHNA_V2_PRE_EXTERNAL_FREEZE.md,9217d0b1a01477526fb5b9d648c9aeacb01e51ea,16758,markdown_prose,UNREAD,,,,,,,
current_tree,a37423639f7dabb0dfd55c8656d4689bb8a25351,runs/active/TOP11-RAMANA-RAMAKRISHNA-V2-PRE-EXTERNAL-001/RAMANA_MAHARSHI_V2_PRE_EXTERNAL_FREEZE.md,20730de214d7787b95c3257498279aec8748af57,14699,markdown_prose,UNREAD,,,,,,,
current_tree,a37423639f7dabb0dfd55c8656d4689bb8a25351,runs/active/TOP11-RAMANA-RAMAKRISHNA-V2-PRE-EXTERNAL-001/STATUS.md,0b47a1798e04b42beda7846702dc58bbc2db4b0c,1290,markdown_prose,UNREAD,,,,,,,
current_tree,a37423639f7dabb0dfd55c8656d4689bb8a25351,runs/active/TOP11-RAMANA-RAMAKRISHNA-V2-PRE-EXTERNAL-001/TASK.md,10ff4ad2c75f0e6b4ab57e0061c27abeeabb0b99,2683,markdown_prose,UNREAD,,,,,,,
current_tree,a37423639f7dabb0dfd55c8656d4689bb8a25351,runs/active/VARANASI-GEO-DELIVERY-REPAIR-001/ACCOMMODATION_REGISTER.jsonl,ac2f0f700b9327f19db2713dff65da78b4aad744,2333,structured_data,UNREAD,,,,,,,
current_tree,a37423639f7dabb0dfd55c8656d4689bb8a25351,runs/active/VARANASI-GEO-DELIVERY-REPAIR-001/BRONS/BRONS-B01-PROGRESS.yaml,0f436397496e1c07e087072af8e201344302142f,762,config_yaml,UNREAD,,,,,,,
current_tree,a37423639f7dabb0dfd55c8656d4689bb8a25351,runs/active/VARANASI-GEO-DELIVERY-REPAIR-001/BRONS/BRONS-B01.jsonl,81f620f7b8a797225e9d7a69cc46fc8d1e3555a3,11441,structured_data,UNREAD,,,,,,,
current_tree,a37423639f7dabb0dfd55c8656d4689bb8a25351,runs/active/VARANASI-GEO-DELIVERY-REPAIR-001/BRONS/BRONS-B02.jsonl,778644c5c76e9cee6853dcf185d01b61c20bf3c9,14899,structured_data,UNREAD,,,,,,,
current_tree,a37423639f7dabb0dfd55c8656d4689bb8a25351,runs/active/VARANASI-GEO-DELIVERY-REPAIR-001/BRONS/BRONS-B03.jsonl,9f66d67eced11d0ed2b58fc6e3a7c1534438779e,15790,structured_data,UNREAD,,,,,,,
current_tree,a37423639f7dabb0dfd55c8656d4689bb8a25351,runs/active/VARANASI-GEO-DELIVERY-REPAIR-001/BRONS/BRONS-B04.jsonl,c22b93abcf551e83bc465ace89215c00979d3159,13344,structured_data,UNREAD,,,,,,,
current_tree,a37423639f7dabb0dfd55c8656d4689bb8a25351,runs/active/VARANASI-GEO-DELIVERY-REPAIR-001/GOUD/REGIONAL/BESLISOVERZICHT.md,0891c757783e3cac7ee06718cdefc859f888d2ad,4131,markdown_prose,UNREAD,,,,,,,
current_tree,a37423639f7dabb0dfd55c8656d4689bb8a25351,runs/active/VARANASI-GEO-DELIVERY-REPAIR-001/GOUD/REGIONAL/COMPLETION.md,649157474e2010487b525aff849a27fdcbb4dc66,5190,markdown_prose,UNREAD,,,,,,,
current_tree,a37423639f7dabb0dfd55c8656d4689bb8a25351,runs/active/VARANASI-GEO-DELIVERY-REPAIR-001/GOUD/REGIONAL/CORRECTIERAPPORT.md,7ecb800e67f47656086be2894706badfc01b9a53,6643,markdown_prose,UNREAD,,,,,,,
current_tree,a37423639f7dabb0dfd55c8656d4689bb8a25351,runs/active/VARANASI-GEO-DELIVERY-REPAIR-001/GOUD/REGIONAL/DATASET_VARANASI_40.jsonl,0775171fce1c288f9ebdb76dfa11caa17dcddce5,67459,structured_data,UNREAD,,,,,,,
current_tree,a37423639f7dabb0dfd55c8656d4689bb8a25351,runs/active/VARANASI-GEO-DELIVERY-REPAIR-001/GOUD/REGIONAL/GEO_AUDIT.md,92ce772beb5ca06961f44ea7d04e6a6ccb41f51e,10526,markdown_prose,UNREAD,,,,,,,
current_tree,a37423639f7dabb0dfd55c8656d4689bb8a25351,runs/active/VARANASI-GEO-DELIVERY-REPAIR-001/GOUD/REGIONAL/HOTEL_DECISION.md,638d335f4c4c9943de52f00e227f82adcc1b07b1,2719,markdown_prose,UNREAD,,,,,,,
current_tree,a37423639f7dabb0dfd55c8656d4689bb8a25351,runs/active/VARANASI-GEO-DELIVERY-REPAIR-001/GOUD/REGIONAL/TRAVEL/AARTI_EN_BOOT.md,6893760b7558d39f0b953ee61421def00181bf95,2821,markdown_prose,UNREAD,,,,,,,
current_tree,a37423639f7dabb0dfd55c8656d4689bb8a25351,runs/active/VARANASI-GEO-DELIVERY-REPAIR-001/GOUD/REGIONAL/TRAVEL/DAGROUTES.md,d6c16b8367dbc88594153b5f3d6b73999c1a2c46,5497,markdown_prose,UNREAD,,,,,,,
current_tree,a37423639f7dabb0dfd55c8656d4689bb8a25351,runs/active/VARANASI-GEO-DELIVERY-REPAIR-001/GOUD/REGIONAL/TRAVEL/PRAKTISCHE_TIPS.md,2e16e06e9d5b5020892528f145ec8786ed420e22,3058,markdown_prose,UNREAD,,,,,,,
current_tree,a37423639f7dabb0dfd55c8656d4689bb8a25351,runs/active/VARANASI-GEO-DELIVERY-REPAIR-001/GOUD/REGIONAL/TRAVEL/README.md,31cd26d163bea24c234a1abe6763c3b73cc77542,1559,markdown_prose,UNREAD,,,,,,,
current_tree,a37423639f7dabb0dfd55c8656d4689bb8a25351,runs/active/VARANASI-GEO-DELIVERY-REPAIR-001/GOUD/REGIONAL/TRAVEL/RESTAURANTS.md,7fde91b9e911228e20de8f1c3a3c568d0176f41b,1856,markdown_prose,UNREAD,,,,,,,
current_tree,a37423639f7dabb0dfd55c8656d4689bb8a25351,runs/active/VARANASI-GEO-DELIVERY-REPAIR-001/GOUD/REGIONAL/USER/VARANASI_40_KANDIDATEN.kml,0d4cfe3555e1ce8314f5578112f643c81bf8dcda,33646,geodata,UNREAD,,,,,,,
current_tree,a37423639f7dabb0dfd55c8656d4689bb8a25351,runs/active/VARANASI-GEO-DELIVERY-REPAIR-001/GOUD/REGIONAL/USER/VARANASI_40_KEUZE.pdf,14c60d9f8b8abb7271bff25907c168cf506de66e,29677,generated_pdf,CLASSIFIED_DERIVED_DUPLICATE,,LOW,DUPLICATE,,,,
current_tree,a37423639f7dabb0dfd55c8656d4689bb8a25351,runs/active/VARANASI-GEO-DELIVERY-REPAIR-001/GOUD/REGIONAL/USER/VARANASI_40_KEUZE_REISGIDS.pdf,d2522ed17ee64be6be2802b012f9bd901403ac2b,113631,generated_pdf,CLASSIFIED_DERIVED_DUPLICATE,,LOW,DUPLICATE,,,,
current_tree,a37423639f7dabb0dfd55c8656d4689bb8a25351,runs/active/VARANASI-GEO-DELIVERY-REPAIR-001/GOUD/TESTSWEEP-022-040/COMPLETION.md,b39bb3d3f73f0821136a2bd1d2a31da2d66a0b69,3609,markdown_prose,UNREAD,,,,,,,
current_tree,a37423639f7dabb0dfd55c8656d4689bb8a25351,runs/active/VARANASI-GEO-DELIVERY-REPAIR-001/GOUD/TESTSWEEP-022-040/CORRECTIERAPPORT.md,b022058932ba6139546e4ff0247afaa8bb70d93d,3917,markdown_prose,UNREAD,,,,,,,
current_tree,a37423639f7dabb0dfd55c8656d4689bb8a25351,runs/active/VARANASI-GEO-DELIVERY-REPAIR-001/GOUD/TESTSWEEP-022-040/GEO_AUDIT.md,6e73f44669215d1ea719366eb27521357ca9793a,5578,markdown_prose,UNREAD,,,,,,,
current_tree,a37423639f7dabb0dfd55c8656d4689bb8a25351,runs/active/VARANASI-GEO-DELIVERY-REPAIR-001/GOUD/TESTSWEEP-022-040/USER/VARANASI_TESTSWEEP_022-040.kml,7dfe80d4afd44a55e439a27f38dc84ca7fe1ecf6,18231,geodata,UNREAD,,,,,,,
current_tree,a37423639f7dabb0dfd55c8656d4689bb8a25351,runs/active/VARANASI-GEO-DELIVERY-REPAIR-001/GOUD/TESTSWEEP-022-040/USER/VARANASI_TESTSWEEP_022-040_KEUZE.pdf,36afc747811f87043a5600524d518e95c53070de,14123,generated_pdf,CLASSIFIED_DERIVED_DUPLICATE,,LOW,DUPLICATE,,,,
current_tree,a37423639f7dabb0dfd55c8656d4689bb8a25351,runs/active/VARANASI-GEO-DELIVERY-REPAIR-001/INPUT/candidates.jsonl,1b015549c66a08e3821365e94a5295e2e4ac9321,17130,structured_data,UNREAD,,,,,,,
current_tree,a37423639f7dabb0dfd55c8656d4689bb8a25351,runs/active/VARANASI-GEO-DELIVERY-REPAIR-001/INPUT/old_geo_comparison.jsonl,5514d0eb6a3c1d63b287113bbe8b81a299cfad38,17400,structured_data,UNREAD,,,,,,,
current_tree,a37423639f7dabb0dfd55c8656d4689bb8a25351,runs/active/VARANASI-GEO-DELIVERY-REPAIR-001/MARK_DECISIONS_2026-08-02.jsonl,04c4fa0e95b428a8a6d29204fd7463748c037e59,6763,structured_data,UNREAD,,,,,,,
current_tree,a37423639f7dabb0dfd55c8656d4689bb8a25351,runs/active/VARANASI-GEO-DELIVERY-REPAIR-001/NUMBERING_REGISTRY.jsonl,9f6faccb754f62de4847d88947a35448fdb611fe,7078,structured_data,UNREAD,,,,,,,
current_tree,a37423639f7dabb0dfd55c8656d4689bb8a25351,runs/active/VARANASI-GEO-DELIVERY-REPAIR-001/PRE_BRONS/DISCOVERY_CANDIDATES.jsonl,95530f3fb0760c3ba9e0f181a6ce53dd49ffec00,9344,structured_data,UNREAD,,,,,,,
current_tree,a37423639f7dabb0dfd55c8656d4689bb8a25351,runs/active/VARANASI-GEO-DELIVERY-REPAIR-001/PRE_BRONS/PRE_BRONS_DETECTORS.jsonl,72892559de4a3128b0bdf38c95f0c33413a63e0c,4045,structured_data,UNREAD,,,,,,,
current_tree,a37423639f7dabb0dfd55c8656d4689bb8a25351,runs/active/VARANASI-GEO-DELIVERY-REPAIR-001/PRE_BRONS/REGION_CONTENT_BRIEF.json,0b0d5f0bb64dd73801259d10c3bab1d9979ec92e,3494,structured_data,UNREAD,,,,,,,
current_tree,a37423639f7dabb0dfd55c8656d4689bb8a25351,runs/active/VARANASI-GEO-DELIVERY-REPAIR-001/PRE_BRONS/REGION_CONTENT_BRIEF.md,3ade90b3551b9c9c03e36bbc0b54153c0b8d981d,5000,markdown_prose,UNREAD,,,,,,,
current_tree,a37423639f7dabb0dfd55c8656d4689bb8a25351,runs/active/VARANASI-GEO-DELIVERY-REPAIR-001/PRE_BRONS/SOURCE_FAMILY_PLAN.jsonl,486552a08fdf34098e59cf3b1211abab0ec4f39e,1277,structured_data,UNREAD,,,,,,,
current_tree,a37423639f7dabb0dfd55c8656d4689bb8a25351,runs/active/VARANASI-GEO-DELIVERY-REPAIR-001/ROOT_CAUSE.md,9f9fa8d0ee519ccb21e3f6eb7f63fbfff09c8528,4540,markdown_prose,UNREAD,,,,,,,
current_tree,a37423639f7dabb0dfd55c8656d4689bb8a25351,runs/active/VARANASI-GEO-DELIVERY-REPAIR-001/RUN.yaml,cf740b635196f1749edaaedb84639f9737088959,6106,config_yaml,UNREAD,,,,,,,
current_tree,a37423639f7dabb0dfd55c8656d4689bb8a25351,runs/active/VARANASI-GEO-DELIVERY-REPAIR-001/STATUS.yaml,a8e6436bf1694fb41ffe5d692b3aa4f14b5ef685,618,config_yaml,UNREAD,,,,,,,
current_tree,a37423639f7dabb0dfd55c8656d4689bb8a25351,runs/active/VARANASI-GEO-DELIVERY-REPAIR-001/VARANASI_FINAL_STATUS.md,6700745a820f8d4aa410a2fa3ba18403944395ba,6049,markdown_prose,UNREAD,,,,,,,
current_tree,a37423639f7dabb0dfd55c8656d4689bb8a25351,runs/active/VARANASI-GEO-DELIVERY-REPAIR-001/ZILVER/ZILVER-TESTSWEEP-022-040.jsonl,31e06bc16b109e035c8cdb075744e1c24a69a270,38441,structured_data,UNREAD,,,,,,,
current_tree,a37423639f7dabb0dfd55c8656d4689bb8a25351,runs/active/VARANASI-GEO-DELIVERY-REPAIR-001/ZILVER/ZILVER-Z01.jsonl,48108a9347f8141517713988d70e67921f1e791c,43627,structured_data,UNREAD,,,,,,,
current_tree,a37423639f7dabb0dfd55c8656d4689bb8a25351,runs/active/VARANASI-GEO-DELIVERY-REPAIR-001/scripts/append_batch_record.py,dd9321274a5e147839b0073d1e8e3f05db3f2446,4054,script,UNREAD,,,,,,,
current_tree,a37423639f7dabb0dfd55c8656d4689bb8a25351,runs/active/VARANASI-GEO-DELIVERY-REPAIR-001/scripts/next_candidate.py,f6d0f5e8cc7854e953e5a063a0dd85887193b393,2643,script,UNREAD,,,,,,,
current_tree,a37423639f7dabb0dfd55c8656d4689bb8a25351,runs/active/VARANASI-GEO-DELIVERY-REPAIR-001/scripts/validate_brons.py,5d8659a343aa56b733078da0a5c264060620c7ba,3653,script,UNREAD,,,,,,,
current_tree,a37423639f7dabb0dfd55c8656d4689bb8a25351,runs/active/VARANASI-GEO-DELIVERY-REPAIR-001/scripts/validate_numbering.py,6d23886e29e94b44a1ca442e51d2cc671f0f0001,4736,script,UNREAD,,,,,,,
current_tree,a37423639f7dabb0dfd55c8656d4689bb8a25351,runs/active/YOGANANDA-ANANDAMAYI-PHOTO-LOCATION-001/RESULT.md,bb15dabdf940b93d0a48d50d95594cd942db8279,9112,markdown_prose,UNREAD,,,,,,,
current_tree,a37423639f7dabb0dfd55c8656d4689bb8a25351,runs/active/YOGANANDA-ANANDAMAYI-PHOTO-LOCATION-001/STATUS.md,692c806468bc9b1da704ddd8d0f938bfc1259c74,1960,markdown_prose,UNREAD,,,,,,,
current_tree,a37423639f7dabb0dfd55c8656d4689bb8a25351,runs/active/YOGANANDA-ANANDAMAYI-PHOTO-LOCATION-001/TASK.md,ce9d1269911f722c17319bab239d0981c1f7b077,3876,markdown_prose,UNREAD,,,,,,,
current_tree,a37423639f7dabb0dfd55c8656d4689bb8a25351,runs/runs.jsonl,967b5e144ce06a6232eeb8a5011b8ee1b6031b74,6025,structured_data,UNREAD,,,,,,,
